,reviewerID,reviewerName,unhelpful_votes
0,A1M7VWY3SZ0Z6J,Intelligent Woman,395
1,A3GH4XY4VGE0TX,J. Day,375
2,A22OXA9ZV9RRUY,da hammer,323
3,ACPCRJICJ024Z,Hay-Man,308
4,AA63JPV7NFRLI,J. Goodwin,297
5,A1SQENHO64JLDC,Romneygirl,272
6,AVZKGXVR11V8,Momof4boys,261
7,A3I7LWJHMTVKJ9,"Theresa Mayer ""Bama Girl""",258
8,A30E269AJSBB3N,KS,235
9,A3PB5ZRSVRV550,Carla R Aannerud,232
10,A1DLK81D53ORZ4,"The Smithy ""of 4""",225
11,A2O4BORZUBT347,Janice L McKenzie,220
12,A1YCC2ADNPPDJ0,"don Christobal de Belize ""don christobal""",214
13,AV83GD89YFQ61,SydneySnacks,187
14,A1A5O93CCU1S0M,Kathy,178
15,AI0NMYA3LKXW1,"Bartok Kinski ""A casual stroll through the lu...",171
16,A2R2MPRJKT07KI,"richard albin ""didi""",169
17,A1FM5PP2ANI9LD,Moderate Centrist,152
18,A1G0LZN0ENIKBN,Empty Ache,150
19,A259KFA0MXJO15,Liz Medley,148
20,A3K2RCDD52MUN4,PJLEE,146
21,A22L1B1CG43YWX,"S ""S""",145
22,A2BVLWFRRHL574,OrangeSqueeze,143
23,A3RTKADB4GVTWU,M. L. Jones,142
24,AUKCJVRAXX4DQ,Frank Moosefelt,142
25,A1JF57YPII7QW7,kmfloyd,140
26,A2FE78MO12BI0N,Maxwell,137
27,A16355WFLMZSZL,In fear for my manhood.,136
28,A1SW2TOKA48Y1E,Dhananjay K. Singh,134
29,A1LQXFJLV16S1T,"pirate the cool ""hello!!!""",130
30,A2QUK21VOH4EDU,J. C.,130
31,AK794UCTG6Q67,"E. UMANA ""PC geek""",128
32,ACRKGIPR19IBU,gaynerd,117
33,A1V5AG4RZ5COXB,"PoliSciProf ""PoliSciProf""",117
34,A2CDEOKZCW0F77,AFarrens,116
35,ALGOG5X6TDHLR,"Brian Ebersole ""brian ebersole""",115
36,A372K2ANJMZWE8,"Bobbie Fischer ""Not the chess guy""",114
37,A2AKVVBXVXG9QN,Laura Dominguez,111
38,A398FF00Q3Q6LB,James Wheat,111
39,A1KS42T05F1Z88,mozina,110
40,A3ACEIH6LYBZA5,"P. J. Ricci ""managerman""",109
41,A334MOX1PFO22B,GDGD,107
42,A1HUCC53UR9NA0,"D. NEVIN ""&#34;Doc&#34;""",106
43,A2UK1VGB6FIUJ3,BIC,105
44,A186OCRZQBNA4O,Mircea,103
45,A15T4V4O8P803T,"Jergan ""Jergan""",103
46,AB1BYYRTO6AZA,Michelle Goossen,103
47,A3ITYP5EZTLKOT,Anonymous,103
48,A49YGLHZ0KPXE,"RRW ""Antelope CA""",100
49,A3VTO0QS8IFSC6,Sara,98
50,A1Q5AHMJA4ISYN,Amazon Customer,98
51,A3FXATWTV4T0BP,Wayne,98
52,A2KDAXPAJ7RPV8,Charlie,97
53,AQM8FWM2GWMUX,Beth,97
54,A2NAJ5QO8TAF8Z,StopTheLeft,96
55,A2RXK3BS6UGKIF,Benjamin Garber,95
56,A314IGIXLK26XH,"sftrojan ""Jeff""",95
57,A3SM2XHFRUMLCN,Jo Ellen Pritchard,95
58,A2HYV9WL7SQYVJ,crow29,94
59,A81LEWNPJ49WO,Danny,94
60,AM8I3SFTB0JEQ,Mystery Shopper,92
61,A3U7FR4ADG6JU6,GW,91
62,ALOWY5A2LUF12,Buzz Eard,85
63,A1B16Q4BC62UVK,Annette,82
64,A3NQHTK9U241ED,Tom Michael,82
65,A2C05OUHTFNCG6,R. Bowles,82
66,A2LQ5TI3Z2TOEI,A Sheep Dog,80
67,A1LFV3J4UMTHH1,Sam Lesters,80
68,AS52G5O3ZNAAP,BELL SYSTEM Property Not 4 Sale,80
69,A2L81H57GPQD1C,The Merriest,79
70,A2SD65VRS18QIE,"W. Christmas ""wigandw""",78
71,A2DN2B4DWMV1BI,"A. Antal ""E-Dragon""",77
72,A3NCNORUJMLB47,"Adel Altamimi ""forensic fan""",75
73,A7VFR1ZIOM87T,Barbara E. Haught,75
74,ATP52SJOY7OSO,Karen,75
75,A1VETEJ7BCKQ6A,Charlie Cosh,74
76,ABXPIFV6LPN8L,"beachgirl ""beachgirl""",73
77,A199EOISNYMQ03,Derrick Kubicki,73
78,A1S3S29GG7EYH8,"Mirza Baig ""mB.""",72
79,A3N8I9VD9D8DT0,Mehrdad,72
80,A1S0RVB0ZO6VO7,Retrobat,72
81,A1AP07XZC7G53W,"Stephanie Tessitore ""organic inspector""",71
82,AWPOWZJNQ2PHH,Brian McGrath the Carny,71
83,A3G3CCNGW1F0R5,"Amol Nayak ""AAN""",71
84,AIUWFF82ZTBD1,Paul,69
85,A2K2BWL8PYPV3S,Sue Briley,69
86,ABGZEO60YG1J4,daughterofthemoon,69
87,A22I8SFUMCSAXN,Elizabeth Rise,69
88,AT6CZDCP4TRGA,Eduarrdo Nietzsche,68
89,A2T7J7CASUOVIG,J. Fulco,67
90,A2LK6BV7PRCO4H,Bryst,67
91,A55A592PS696S,"T. Schmidt ""apple fan""",67
92,A3M2XRH63WIWZX,joanie,66
93,A1PL2E03HR2V2H,Amazon Customer,66
94,A1LB9MNGJ55DNY,The Chess Guy,66
95,A1TCGK6T7YSGZZ,HappyCustomer,65
96,A2FOWESWIBAYK2,W. Wright,63
97,A3U9P0BPQGOTGI,Devon S. Singer,62
98,A3QKZIXX7P5N5E,misplacedpoptart,62
99,AMF9ND3IL8SQR,James C. Dellinger,62
100,ADO808KQFVF1W,"a list party girl ""courtney""",62
101,A1481PZBVSWUU7,Amanda,61
102,A2O4R5XZMUM07,"CT Reader ""Zoltan""",61
103,A1H5WDTJS8XETV,G. Dowling,61
104,A2GQCE1E17KMXM,"Coach Grandpa ""Disgusted in Da'Burg""",61
105,A25WFEK74V1IP9,E. Gal,61
106,A1WION7DEMEVQS,Mongo KILL,60
107,A24O7OJ689YFPJ,"LLH ""Lindsay Loo Hoo""",60
108,A18LFEH9NFA1C9,feedback,60
109,A151S68SVLSH9P,Rube,60
110,A2LDQWATGRD9RT,Subramanian Vasudevan,60
111,AM2B00D7SCTC1,cccandt,60
112,ABASEEPRFYRJK,nonwhimsicaleffery,60
113,A3AHS1EU1FJ2HD,Yogi,60
114,AHRRWT031ON4F,Dale Blizzard,59
115,A37AV5D3WURQP4,M. Cato,59
116,ADWQDX36JGYT2,rascal2u,59
117,A1E8FT1W90SFD5,tkb,58
118,A9Y5S2BKV7SYV,Chris Tyrrell,58
119,AXHZPIX6R9H3J,espresso_guy,58
120,A2NG1NGQ2IE6MF,Z,58
121,A2J6Y2XJ8VDN1,Philip Logiudice,58
122,A35ZL2OOVOWK9C,E. Diaz,58
123,AHX09M92YCQC7,"T. M. Sklarski ""boomer336""",57
124,AG93WAJW6HUEP,knappy12,57
125,A4CKCWNI1EWSB,"Matthew Campbell ""Tech Guru""",57
126,A2Q3IO6IOIVX7X,"idget ""mellowde""",56
127,AKI0Q6BCQM0F,Liz,56
128,A3TZ1VJV987V3I,"Don Mckell ""Catodonic""",56
129,A1EUPCR1SSW9P6,Joyce Segawa,56
130,A3I16SRZJIGBMQ,"Researcher ""Gene Pooler""",56
131,A1FHEESIFWRWK3,"Patricia McDermott ""Patty Book Lover""",55
132,A2LBK2G49SAM92,EAMNYC22,55
133,ABU143IFIVXXV,Aaron Nelson,55
134,A1POMEHBBPD2F7,"Marjorie W. Heller ""The Researcher""",55
135,A8Z3EYNWJ8OS7,"A Reader ""ever curious""",54
136,A2329ZM64LQNU1,J. Watson,54
137,A3LE9ZYOMMF2ET,"Mr. P. Jinks ""nintyfreak""",53
138,A1S55AUKBFNDXM,SoCalJD,53
139,A3MAKQD4JMY7Q4,"Yen N. Nguyen ""Yen""",53
140,A29UI9ULIOTV7Z,"E-Mat ""E-Mat""",53
141,A1FQE820IXZYB7,Patrick W. Cutler,52
142,AXAOOLTV34RXM,Terrance L. Greenwood,52
143,A3130MWD7ATB3C,"K. Petrie ""Tres Chick""",52
144,A29AX4N7N3F15W,Edgar Coombs,52
145,A1P5E2VAARP50C,James Vandernaald,52
146,AAIYPAP0R9NEL,Samantha Warner,51
147,AHERYSYBHWL22,Dr. Gordon,51
148,A21PG2ZAV6AU1W,GeorgeTheRadish,51
149,A30VW5SPX3XFUL,porazzo,51
150,A2XJ13PIXVJFJH,"Myra MLH ""Myra MLH""",50
151,A28DULJDU6H04R,"Kevin M. Varga ""cineplexed""",50
152,A3D6PEG15ONC0C,"Ziyan Xiong ""ziyanxiong""",50
153,A1C8AD0A4M56PV,KidLaw,50
154,A3NKXLR5BST9I1,"Hu Shenghua ""Hu shenghua""",50
155,AWFJ0A0V4SR29,Andrew O. Johnsen,50
156,A1E3RTMBHQ2RJE,"Pen Name ""Turk""",50
157,A30LDZXH73F8B3,Jacob,50
158,AV5WJ18EF824E,"Calotras ""Calotras""",49
159,A25T79F12AXUJF,Guy N. Halligan,49
160,A2DQMUFRLMEG50,Jeff,49
161,A7SX1KIQFORRF,Luke,49
162,A7LRW6TB5QL1L,ghsilverstein,49
163,A3KUZ8AH9UD80Q,reg,49
164,A1TW8ERR3B5OUT,Celenia Pendygraft,49
165,A246KID8MZLN34,"Dwight N. Rousu ""razzoo2""",48
166,A245DVD7PVOIAV,Laura Torres,48
167,A3LAX6SUL59F4U,misery,48
168,A3P8AJU5WW2LT3,S. Macnab,48
169,A1VCLTAGM5RLND,"Ronnie Clay ""R.C.""",48
170,A1014W0SP21458,"""elitchka123""",48
171,A1FG79ET8D23B9,"T. Mejia ""doggie mommie""",48
172,A3LL32I4BL6CFP,eneco,48
173,A2T5LUKSCXH3EY,"Just-facts-here ""Barbara""",48
174,A2ISBAH01BK2N2,Kan,48
175,A3HLJIJS3YZEAI,james williams,48
176,A3ITFNSKK3G0U6,"John K. Sellers ""uniquenicknameisoxymoron""",48
177,A1PKF7MBUYNFYP,Brook M. Paschkes,47
178,A1JBBXJ31USV6K,johnny,47
179,A3MSLF9G49TJOZ,bruce,47
180,AO4QK4WQK7XW5,matheusfaria,47
181,A15TRM9U4CNHGC,negin,47
182,A2V032Z9NDPKNR,Brian Reilly,47
183,A1K6538K09L6U4,PILOT NAMIKI FOUNTAIN PEN,47
184,A13X415Q1ODQUA,T. Willmann,47
185,A2FX94WVE5YYP8,Michele Rasmussen,47
186,A35L8AVXL63U1W,John D. Atherly,47
187,A1EW3VECXPPE6,cooldude23,46
188,A1508WTJ9OTRGB,BRWY,46
189,A3PS0MYTOUEYXE,J,46
190,A2EKI3YMDFCQOO,Sarahj604,46
191,AVUZD3358E8ZC,"CFB ""cuffone""",46
192,A21GVCA62DSNL4,"Paul ""mapsy""",46
193,A3B4M5GRJIY7MZ,"""sirrooke""",46
194,AAEE39V25G6N7,Bobby S,46
195,ASXIMBYMN8ZYT,DenverWineGirl,46
196,A3EKI7AGE273S,tom reaves,45
197,A3JHS72LIXCWBE,C. McLaughlin,45
198,A13POCLZSSFMVS,SBritton,45
199,A3UYQ83NT3RJB7,Maynard Handley,45
200,A3VITWJPXPVAB6,Carol A. O'Connor,45
201,A38OMRQDX8BZCO,"Iris ""AZ_Mommy""",44
202,A37HSCBUEA7C6W,"R. Gerson ""RG001""",44
203,A155IYY7FBAYGS,A. Monyhan,44
204,A3M7F62KG7YOHK,Akjohn,44
205,A24LCIPHJBKSEL,M. Delos Reyes,44
206,A2BVBCMGYU2GDS,"Ulisses Jose B. Silva ""Ulisses Bezerra""",44
207,A1OW6Q8W035UB,Sam,44
208,A3NQEPYNEWYBT9,mike,44
209,A4I5F6JX5SG1F,Trent,44
210,AUQVJWN7GKGCS,Jim,44
211,A22RTX9RIW0CL3,"Steven B. Shapiro ""Steve""",43
212,A1DFRUN2KPFICX,Stephen A. Brooks,43
213,A2T3GG5QYUADV2,"Hal Itozis ""tree""",43
214,A2ITUAKR319K6Z,"Patricia Pereira ""PP""",43
215,AH7AWGHTOLWQR,Brian R. Bewick,43
216,A3C2NKRWLJETV7,JHMadison,43
217,A2HTQUFDMFOU8G,bid2win1,43
218,A2O1JY3ZJC9NZ1,"Jon L. Sandler ""Jon Sandler""",43
219,A3LZ0Y7QRCGSBA,Dot,43
220,AO06JP8G63CWJ,H. Sidhu,43
221,A1FZNDLAB1BWB2,"Douglas Lyon ""docjava""",43
222,A24XMDQHNDF620,DOMINGO GUTIERREZ,43
223,A2OX2Q377DYCT0,kgphoto,43
224,A2PP6KDZFKPI2D,"goof ""got USB""",43
225,A1I4C09P5RDEBG,Janet,42
226,A36MW22HP6BG42,Donald J. Merrick,42
227,A1MNYVRCA6YJX5,"International Ron ""Everything Online""",42
228,A3OOO26H5V6Z1J,"BigDaddy ""BigDaddy""",42
229,AXTMBXRRTYKKF,Vayate,42
230,A1LVOD6ZH2QZHO,"B. G. Tanner ""Umjim""",42
231,A3EWGTMW3XMC0Q,"J. McMillan ""habibno5""",41
232,A262NV8T634QE4,"""masw""",41
233,A2YJ6X8NF3RXNA,Syed A. Haider-shah MD,41
234,A3D4TWZHBQKMZD,Mike Hofmeister,41
235,A56K5TN8DXLL7,CEC,41
236,A24B8KD7KMU7SY,LJM,41
237,A3QRYTWLDH0FO5,L. Sloan,41
238,A1IEX5XZ3BU2U8,"mel ""mel""",41
239,A7NA9F2B0IMOV,CakeDancer,41
240,A30SRY0PPY48ZW,"Julie ""toy expert""",41
241,A3334D1W8UQZUF,JayInTn,41
242,A1NA17JBRMIOIV,Tom Anderson,41
243,ASA93GHG9FCAQ,B. Campbell,41
244,A2R0RX6MCRKHWI,kelly,41
245,A1REJRXQSB0IY8,Balaji A,40
246,A3N8I9VD9D8DT0,Mehrdad,40
247,AD55B51342XEM,"""stonejames""",40
248,AJ1FK456080R4,"Zilong An ""Tony An""",40
249,A2FKEF6NBS0AHE,Erin Kodilanen,40
250,A2H9YIZZ2TZBYA,"T. Tagliaferro ""lordofspandex""",40
251,A2248U1INRWLAJ,TN,40
252,A3EOKWLO7YE095,boytoy,40
253,A1BIPJK03QKFQA,"QueenOPearls ""QueenOPearls""",40
254,A2VUJKB1RV79YC,Diane Jacobs Malina,40
255,A2ICKNZNW08UU9,TheGestaltGuy,40
256,A1NIPSMPJVL4K0,"K. Chen ""Keye""",40
257,ATN09D6FNGWAJ,Magic_Ninja,40
258,AEZSP5HSEIEYK,"Pen Name A ""A""",39
259,AF0KG7233P9Y6,David,39
260,A2KOP64VSNAF4R,"""beemermoto2""",39
261,A127I4CLAZAEEN,sanman3d,39
262,AKVKYVFC1OV4L,"L. Shansky ""MusicFan""",39
263,AJQFNOFTZ7GOX,Barthbill,39
264,A326JTVKBVZPB1,"Chad E. Roberts ""Batman""",39
265,A35ACR65QGMWUU,Will O,38
266,ASPANRPH102B4,"Bruce Santomier ""KING OF LE (lower eureka)""",38
267,A2RQY45WY7LO56,"Jennifer L. Holstein ""j_holstein11""",38
268,A52LCA7IJSAP2,E. Scalzi,38
269,A2MJ0KKTPWFWPV,El Barto,38
270,A11MJ4MR6BMP6I,J. Paquin,38
271,A1QRHIHWRY0BYX,hutch,38
272,A1AILBCBATKR1X,kawiki,38
273,AQRS9OQP4YG33,Dennis,38
274,AMRR687DXICVJ,EngRP01,38
275,A3W59W45VGKB03,"C. Hinkle ""chazzer""",38
276,A2RKFL0G3BXCMD,"Privacy ""Privacy""",38
277,A109G6ZFE55AG2,David,38
278,A3NEQLAJI14BNB,"E. Ata ""Sr. Mouse Clicker""",38
279,A25SK8L5GA2BML,"Thad McIlroy ""The Future of Publishing""",38
280,A3G34TG30QIU7K,curmudgeon,37
281,A3IZLKJFEUM6I,DW,37
282,A1ZADIQZGSJH0G,Phoenix,37
283,AO9TKYJ90P0C2,Larry J. Puckett,37
284,AT6CZDCP4TRGA,Eduarrdo Nietzsche,37
285,A27PJFUYPHU7BH,Charles Talbert,37
286,A1239Y9DKI9RJT,"aks ""asadiku""",37
287,A1JFIDFDPQGLJJ,Mike Silva,37
288,A2F4QNWR0GT7SL,Dr. Steven,37
289,A2KKSPT5469IX9,Double bazinga,37
290,A3DY5O0YAI7I07,jack rabbit,37
291,ALZ9QWQJU4LW1,chingling janey tien,36
292,A226TCE4D1DPN,MARTIE R. WHITE,36
293,A3VKJ4A5J4Q25D,Alan Rosenblatt,36
294,A3RP6IFHILMAEO,Patrick M. Rogers,36
295,ATXH9Z27ZB2FQ,"Maddeness ""Str8Rydah11""",36
296,A3MRSYG8RUVH2Y,gregory a glawe,36
297,A3OK2V0ZRK5HKK,Kathleen Foley,36
298,ASQ391L3301G7,Keeki,36
299,AXZJEQ3IHS4VY,ALENCIOUS SHU ZEE LO,36
300,A3HTLLELOQHDRV,"Judy ""jazkibbe""",36
301,A2A00ZWCOJ64F8,inspiration,36
302,AMRYWLFO99BN2,"PJNevada ""PJNevada""",36
303,A23ZRP9HGCMTR6,Harold Sandler,36
304,A15S3OYQMJ3M2U,Ersle Stearns,36
305,A2PMQH87R1H3QU,Benjamin Kidman,36
306,A1JPZ8ZZ02HB4E,"Kathryn L. Kipfer ""Kathryn""",36
307,A2BKU4E8XNNWCS,"Amazon Customer ""kenny1748""",36
308,AQ650D0L5PXFF,Product Tester,36
309,A3JLAID3SZJC4V,mklopp0235,36
310,A1FDFYL9H9SJ85,"Carolyn Bigler Hebert ""Moonlightflower""",36
311,AJ7M7VFD9RMKU,"Icede ""icede""",36
312,A8HPR3ECZ4T2R,Ruben,36
313,A31I01OYRJDIBR,J. Lucas,36
314,A2I659HU484D5Q,Lynette,35
315,A1049M3TYUZL8R,"Logan Bonathan ""LB""",35
316,A1BP7D65HSYZM7,Patsy M. Bootenhoff,35
317,A30VQGCKYW2UTQ,Frederick J. Woods,35
318,A2DLZQHQMW2CP3,Linda A. Chartier,35
319,A2MNC5LQCQO9T0,Whatever,35
320,A14MPMK7QV5UE9,D. Norris,35
321,A39LB6HFWJ00RG,Kathia King,35
322,A1K064E1O4YNJX,leftofcenter13,35
323,A625RMEIZT6HP,what the hell,35
324,A9NPFNGNV8HZA,77jcr,35
325,A19SZI81EGGH37,Frederick R. Conner III,35
326,A2GI7Y8YK28QP4,"Clintiskeen ""Clint""",35
327,A2H4B42VDSFV2V,"Annette1915 ""Annette""",35
328,A2ULOLFD2PRCR3,"R. Schmidt ""Ebertski""",35
329,AUJF3AEHY7NY1,Peter Magnone,35
330,A1HG6LU9BSSFXS,Evelyn,35
331,A19ANOCH3FSTVV,Sigma Engineers,35
332,A26I8OUO57P8Y3,"Ronald Zia ""rz8168""",35
333,ARBHE7W2BJU2F,MARY ANN,34
334,A275JY2AGRU8RJ,Shelley S. Smith,34
335,A14WHPD1NE26VY,Flor Emert,34
336,ABF4IBGZC8TQQ,"Brian G. Loher ""Brian Loher""",34
337,ACD7U8G6NTS55,nukegvj,34
338,A2MYKOR8ZHOR3V,Julie Finkelstein,34
339,A3ROPIQ9DBPFL,lawanda bowles,34
340,AHD2B6F6SXA08,Danny Luzunaris,34
341,ASINAKF1T9EGQ,TJ,34
342,A1B62LE24J2CTL,Patrick Ethen,34
343,AABV89EX29ON1,Charles Dennis,34
344,A3HX1W5GRRNP3,GWadmin,34
345,A2ULD7AYNAQVJA,Amazon Customer,34
346,A1ZRPKJSZ75DTZ,naner0331,34
347,A1T6EE39PDQ5PV,G. Sayre,34
348,A1GWUZTE6H01RR,brskirby,34
349,A1EQD9ZUEEZ7DV,"Mpritc1019 ""Michael""",34
350,A36HFLW9A3TGHO,raz,34
351,A35TG80Y54WRBR,canjk,34
352,AQI41EMEJOS5P,Barbie,33
353,A3VGW182RGEM9V,"SOCRATES ""SOCRATES""",33
354,AVR0TT0JFLG7S,George Orwell,33
355,A7PUB88QGY7XM,Timothy M. Rourke,33
356,A3GYKGQYS8M9BC,Elena,33
357,A3AIDZX5S73B5V,"S. Andrade ""mom of 3""",33
358,ABAPM36R7PF4D,SM,33
359,A2TZ920ER2FQ9D,"Galina Yekelchik ""Galina Yekelchik""",33
360,A1K3M7I2S06KZX,"Alice Duncan ""nmlover""",33
361,A2F3X5QJEMSXTB,Amazon Customer,33
362,A1L0A99RUYI0IG,IRA BAKER,33
363,A21UWF2KJ85RLR,anonymous,33
364,A2Z8ED3B6OWNEM,Dr. P,33
365,A1NBPVDNA1ZVA1,John Kolokousis,33
366,A3OLERXUXZXV5W,Diane Plotkin,33
367,A3A17IWECP0KZ9,Carol,33
368,A459BU7DQ7WVV,"ssblackprints ""ssblackprints""",33
369,A22YDY8AOUR3S0,xyz,33
370,A1COI6MS1A7OIY,"P. A DROZDOWSKI ""Yommo""",33
371,A3APHZ1FAPBO2I,Marko,33
372,A33B44XPTW0WOA,Roy S. Miller,32
373,A2IBPIDT504168,mslady,32
374,A2AE5LRBNQOA2V,"cascade2013 ""cascade2013""",32
375,A3DGA27GDDC10M,Mitchel Hofstetter,32
376,A1EM584G2OD8XC,Kareem,32
377,ABXY2KF526NBV,Jessica Beaver,32
378,A1VITFZEBZZZ73,Dianna Tracy,32
379,A3PA8IXMSPHKE,"Trent Creekmore ""Trent""",32
380,A1239Y9DKI9RJT,"aks ""asadiku""",32
381,A3HCL43KASWXXK,"V. Bradford ""doll""",32
382,A2LXHA4VFNL86E,"BG ""Beth""",32
383,A2X5QP8KWNSJC1,William Lucas Jones,32
384,A3NESVW5DHWUL7,Bliss E. Frings,32
385,A2DCSYHSKN9IZM,"Jerry A. Shaw ""Happyman""",32
386,A14X846SP5GQNR,Umm what!!,32
387,A2X2MERSG106Z0,"D. Altman ""Dan Altman""",32
388,A2R9T7WPFK1CGA,Charles,32
389,AIL5J7FH3NDZS,Ana R. Ellenberger,32
390,A359081O7G2776,"Emilia De Monterroso ""adsadasdas""",32
391,APNSC6OP7DHU8,Bev,32
392,A1OO1DZUW5FLVV,papafrank,32
393,A1IPR88H4KM4KZ,"Pablo Quiros ""Pablo Q.""",32
394,A2FA78AJXGTYL2,"Kevin L. Mills ""Kevin Mills""",31
395,APZYWGZG689SW,J. Knight,31
396,A24CFL45HMEW9I,Avery,31
397,A1USQ5U0CVRC,Gonzo Chuckie,31
398,A23056IK57BYT6,"DP ""L.E.Pins""",31
399,A2UUQQ5DPP2H76,Mary Wynne-Wynter,31
400,AQZLQT1EHXI8D,O. Garcia,31
401,A1RZHTJU50HK6L,LOOK OUT GUY,31
402,A3NTHDUGXKNRYA,crankypants,31
403,A1XIA7P3TTAHUG,"N. Werle ""nwerle""",31
404,A1P3JJTKDJA111,James A Wright,31
405,A1BERQG56OQQI1,J. Thomas,31
406,A1AKFJ3Q8LIZUV,rwp,31
407,A38NGUBNYYAA59,Tracy P.,31
408,A352QOF5P7ZU99,mart,31
409,A2YVHUB9DOV025,"TallH2004 ""Tricia""",31
410,APUNM1QQC7KH7,R. Leelapanyalert,31
411,AMLAB9ZFNZG20,"Lpgoodbye ""GoodbyeAgain""",31
412,A2JY0NHP3QK8R2,Jeanette Hall,31
413,A2KHPVJEVY1U7N,W. Shade,30
414,A1AAE1OAEWNB50,Disatisfied,30
415,A1OL53J7OXJUDF,Jeffrey Blackman,30
416,A2H6M18B2BCCFB,uniball vision stick,30
417,A39S3M38HVVI87,"AnhMy Tran ""Love playing Violin and Piano""",30
418,A1U2DQDX2LLHB2,"Amazon Frenzy ""Sandra""",30
419,A1VZS6KVHRCLS3,Jasper,30
420,A24WLQB83QS3W8,McNyte,30
421,AC0ECPM7ONR1L,"Emeraldstar ""Emeraldstar Castle Media""",30
422,A35FDF7Y8ZCVIC,Dormidont,30
423,A1KRMOZ3TF9Q3Q,"Jonathan R. Rynd ""seeker of quality""",30
424,A2FC12II6K4JI,"mmm ""mmm""",30
425,A2VGOKERCUVJTI,John E. Gutierrez,30
426,A27Y195RTCTRFX,Wahidul Alam,30
427,AZ7M6V24SHKHJ,"J. ""JBW""",30
428,A2HY1TX9OES1GE,"Amazon Customer ""home photoshopgirl""",30
429,A1TYTUMVXPBFKR,Jane Kim,30
430,AK14B8H7523EW,M. Philip Chong,30
431,ASVOPNUAP7SSN,"Charles Mendes ""chmendes""",30
432,A1K1X7XCTJJIQ0,Chepard,30
433,A1KRRVLRTL7O0L,Black Johnson,30
434,A3KVBERSYTKDQ4,leon,30
435,A26EUWIEBDQ2NA,Amazon Customer,30
436,A2SLN5U9MLFIVT,John Doe,30
437,A2QVLNAN46W6US,JG,30
438,A2S5TD21ARWJW5,nwcorgifan,30
439,A38S8RD8XOXLVS,"SHAWN JAMES ""Amateur Film critic""",30
440,A2HQU6S05XFYKH,Elliott V. Ingram,30
441,A3MRO1Z8SCVYEK,Sandra LaBelle,30
442,A31302ZCEKV8LS,rcola,29
443,AJDYN1C3HUXO2,roshanvarma,29
444,A1G589VLRP2X9C,"Alan ""awaldrop@cfl.rr.com""",29
445,AL57ON24VBEMA,Linda Gannon,29
446,A16XBCHUJVN3WN,O. BALPANDE,29
447,AUDNA4QLC0YPT,DESI,29
448,A1RAFONKUH6LEL,CEAsar,29
449,A3NAUQHCQD203I,rdandkids,29
450,A8IJ6MC259S6P,"James T. Ward ""Jim Ward""",29
451,AF7REHI1Y5DQD,David,29
452,A38HDMJVTY0O73,J. Acker,29
453,A282XWBCI25Z55,Bhanu,29
454,AAWEPYPWROYCD,Alex,29
455,ARU03F93N4P7T,Stiletto,29
456,A48BVBYF03TU8,kurt schroeder,29
457,AEUD9MSEPU4L4,Woody,29
458,A81LEWNPJ49WO,Danny,29
459,A1AUMRMISQIP26,cleide aragao,29
460,A2J9EC4FS1XWCV,Gary Wayne Smith,29
461,A22GWQBHNY8D20,smohadjer,29
462,A35IQFRQC16UNL,lew,29
463,A3LSY7JTULL5M4,slek,29
464,A13Z9RWVZ99SS9,jodi,29
465,AAIO210VPK84H,M. Durkin,29
466,ALQJEY8RSOBJN,"Chris R. Hatcher ""Raymond""",29
467,A10MCB2H817XBU,"R. J. Gunderson ""business shopper""",29
468,AYXQOKU7PHTCD,Geert Bosch,29
469,A1FF6EIW71WSCS,Jean,29
470,A294LY5IAQNVUQ,"Hal 9000 ""Hal""",29
471,A1D7NU310BZ1VN,"walkinthepark ""walkinthepark""",28
472,AH6FF8PRYQNP1,"DJDoDo ""Photography for life!""",28
473,A1C1F87Q5YZFX0,S Michael Fontenot,28
474,A3RMLSIP674MI0,JJ Gibb,28
475,A21B9O80UML174,tianyi,28
476,A3620OAYSZTXZ1,Tyler,28
477,A2FML42LYEGEEQ,Woz,28
478,A1I488ILTKVVYE,lisa,28
479,A2CVQF1FJ5I33Q,Judy S.,28
480,A34XQN6FZTMHI,"Corbett C. Browne ""Big Blue's Driver""",28
481,A1S01VMX5S1PEB,Erik Haberstroh,28
482,AD3JTPHRBK6JF,D. Rice,28
483,A1SQ056WTAOJSD,"Agnostic ""-one""",28
484,A18PKVH0OLJNZ1,DeinNC,28
485,A13J6CURG0UJHQ,"Laura E. Credeur ""Laura""",28
486,A2SUU9PLDJNXTY,"G. Hart ""gypsy lady""",28
487,A37343CMEAWBHH,derstuca,28
488,A1CWU5DVX4A1VB,"Stacy S. Scott ""stacy@metamet.com""",28
489,A3LPETAG04WEBE,"Chris m ""chris""",28
490,A14TVTTYOEVFT7,Adrianne Liu,28
491,A1I7AKMCCSD427,"Mykhal O. Swearingen ""Mykhal O. Swearingen""",28
492,AXJMNG423AN3K,S. Reynolds,28
493,A1SVL41GCV0UU6,GMS1006,28
494,AHFLWC1G4O0W1,Steven Davidson,28
495,A2YKG3EO4UDDCH,Amazon Customer,28
496,AO75IMK6FTHTR,Keith,28
497,A1MCXAQ7JL7QL0,little red hen,28
498,A818AYBEBGQCR,"S. Lee Harper ""Zuni""",28
499,A2NG1NGQ2IE6MF,Z,28
500,A3IWQ8H3TWWNHM,Hei Bakari,28
501,A10QQWAYZVX2QS,Carlos V. Labrada,28
502,A38Y1L63H8E15K,"SamSam123 ""Sam""",28
503,A32OPCSB4164T6,Scott A. Trowbridge,28
504,A3NFOOSN4DOLVJ,Chen Yee,28
505,A2DTBBYXXJK1HJ,Chanel,28
506,A288SXIAN7SJ31,DELORES SMITH,28
507,A1WUV05KGP8ZN9,Jethro Polak,28
508,A38CQBG6FPF5OB,T. Hill,28
509,A1NMAMK5NOXSWR,James E. Taylor,28
510,A2BI9D5T3J2CB5,Doug,28
511,A2PGPS0K8EG6EA,"Older and Wiser ""JDL""",27
512,AQVKXLDOIC9E3,"Frontz C. Goring ""woodcarver""",27
513,A1TTQJM2PFQNHV,"Noodles Petmecky ""Nooooodellllles!""",27
514,AGKODT3JJ604R,Gemsong619,27
515,A2JBY8PHDR254X,Mary Jo Rainer,27
516,A3MJDMSPS3SHSP,Laura Wright,27
517,A1IRC72CPX8U04,"Anthony S. Graffeo ""TonyGraf""",27
518,AMM4PL5XTLI1T,Furjaw,27
519,A150FKWISYFQZD,"P. J. Lyon ""Nancy Lyon""",27
520,A2P0IVJIEF3BEH,"Marguerite Floyd ""writer""",27
521,A3QF9HSM2SP7I,Terry,27
522,A1MG56X36JEZKO,M Fong,27
523,A1U62ZW360N1Y9,C. Long,27
524,AV6BQR1BPQBFA,Larry A. Singleton,27
525,A213J54E63SYOP,Rl Shuey,27
526,AKG19LXS4EW8M,boby,27
527,AXQIVBXPRISUC,margie,27
528,A1L7LVLYA05G3I,cat,27
529,A3E91SYKN5QV8X,Seby Kuriakose,27
530,ATMSIGO0A6YP5,L. Ingram,27
531,A3DXZEH4CNKFYG,"Gail A. Clardy ""clardys""",27
532,A26FCZKCID5E8D,"Jin Jin ""Jin Jin""",27
533,A11BD1YK6ICEW9,Susan B Seebach,27
534,A374Y4EFB3RHRC,Stacey Ann Horton,27
535,AFAZ03DRT536Z,Angela K. Courson,27
536,A2O7P0578BBFBB,K. Doyle,27
537,A2NSSKL400FV0W,G. WU,27
538,ARZSFZ5SYQA7B,nancy,27
539,APK5E1G867RNR,Rajesh Singh,27
540,A36K6VASLXKHF9,"Carl Johnson ""CJ""",27
541,A17RQY5IJBMZNW,J. B. KANG,27
542,A3HNCRG2SBC4MH,Harnek Singh,26
543,A27O52PMNLEIU3,"EG ""EG""",26
544,A1HAQLWHIR77V6,Mark E. Schutte,26
545,AE0MMP3K1YAC4,David M. Phillips,26
546,A3E9KB23O2ACEW,A. Colucci,26
547,A20YG1STVLC937,Estel J. Hines,26
548,A21RRK5YBYT0F6,Amazon Customer,26
549,A242Q9NFB09BJX,Kathy,26
550,A1TRTGQISPFTUU,Robert Kicinski,26
551,A3AF509622426S,skiing,26
552,A1YB835GDB86MO,"D. Dannenberg ""Dave""",26
553,A2V0127XOGGN8M,Henry Schutzbier,26
554,A26DGU92426701,Joel H. Fenchel,26
555,A139KOTRZG0RJ1,Ralph A. Woods,26
556,A1MRBS8A7A48GQ,Mush,26
557,A1ZC5F5I740FZH,Maria Buechler,26
558,A2X4AM4S7OUSRR,D. J. Wilson,26
559,AGSBWX8EDXO8E,DJC,26
560,A1JFC7G1V37QCV,EnbeUU,26
561,A1DPD7K8YLZ63X,Kathaleen F. Lilley,26
562,A1Z75BOM4EHG1,suebeeny,26
563,ABZ0YBPL1TSZR,Julio Barrenechea,26
564,A20OT9AR3JJ2ZY,Larry Lovitt,26
565,A22YY70PFP7OSK,"Vinton A. Feanny ""listener""",26
566,AAUTN1AGONXV7,Carienn,26
567,A1FUL6VL3FLOD1,G D,26
568,A304M2ZT3425H0,"E. Price ""amazonfan""",26
569,A58FZTDXCWUZ1,tret,26
570,AVW29VD0OVF4X,sonny nguyen,26
571,A3GXDODEJM2Q7,M. Vanya,26
572,A11Y7N599UVJWU,New Jack,26
573,A3Q82CIBGE3NJU,JUNK,26
574,A12UKDWZEXNEZK,E. Cox,26
575,A2X4613R1AX53E,kruzik,26
576,A38MJHAJB2LWUF,"Neil Loebner ""milespert""",26
577,A1O7MA2PPN8E2,Werner Heyvaert,26
578,A8GTZVXOJ2SLG,Christopher Ambridge,26
579,AFJ8CA4AC7PG7,BRUCE PUCKEY,26
580,A1UIDDTW653N7,"Macaholic ""Dave""",26
581,A1DXTUSRD69QWI,curiousprincess,26
582,A1KLMGCLN0D08X,"Tim C ""Tim C""",26
583,AYUE97COIONZ5,D. Powell,26
584,A3F11QGTT6C5DQ,John,26
585,A30B93D8009ATH,Mr.Daddy,26
586,A3PY6IGJAUVO4F,mont black black  generation,26
587,A3V6MQ7XYOH17,Craig Silverstine,26
588,A39A17P1L4OA50,guStapler,26
589,A23SIML3TSTG0L,Karen,25
590,A1V7D9ZL62C1MB,Francis J. Maly,25
591,A26QMNAFQRBXCF,Karthik S. Muthukrishnan,25
592,A1ADC9JZ5KGUUY,Buyer,25
593,A1UB6IURMZPXLK,tmf,25
594,A1PHG6GJK87YCH,nycmom,25
595,A25Q2H4HIOO0HL,OzBadman,25
596,A36R2NBPNHRRJ7,Richard Vern,25
597,A2N1H2IB9EBSYY,romy,25
598,A1K7IHRWPJX8KU,JP,25
599,ALI3OX6EL96RE,Nickie Jay,25
600,A2676XOEARQYZF,GOMEZ SIMON FAUZI ALFREDO,25
601,ADL1OZDYGAW7U,Pen Name,25
602,AQN2MO0EDVAJ6,ELJ,25
603,A3TEJOEQS081ZW,scott,25
604,A1STG5612WVHLX,Andriy K.,25
605,A1MRR041KNAT83,T. Woodrow,25
606,A3VP9SXAFPGWPD,"Shar Feldheim ""Kreag""",25
607,A3798RK1VFW5GC,HH,25
608,A11KZ906QD08C5,"Bill McLean ""Trust But Verify""",25
609,A1VHXTLONV0D4N,Writer,25
610,A1IM008WNOFY9J,"Teresa C. Shirley ""treehugger""",25
611,A32EXAPSZTEQWL,Christopher,25
612,A1U23Y2TKEBIE9,Mark Phelps,25
613,AST90ZN5H5RUS,joseph m buziak jr,25
614,A1CNU6BAT73EKL,russian1,25
615,A3CE6VEAXEU8W,Robert Wolcott,25
616,AHH7IEK2QPMMZ,"Gail Rodgers ""moonwishes""",25
617,A32X9WDGF5FMKM,veecaleb2013,25
618,A2D72FVATTED61,gothicserpent,25
619,A17HN91OFEX8EK,William Coyne,25
620,A3RJY3OSUFXHO6,DtheHare,25
621,A1K395GFGXWTZK,ghost dog,24
622,A1UQDR87KUKPMD,"D. A. Hawkins ""The Queen""",24
623,A3O0LFGH374AK8,Stephen Wunker,24
624,A39AN5E0GX6RTL,"Julia Herbst ""julia lawrence""",24
625,AJLU1QLXMO0GH,Abdulhameed Alramadhan,24
626,A3BWOI7M52JVDM,Terry Christenson,24
627,A3QG0JOB4O1I6C,Dwayne D. Russell,24
628,ASA93GHG9FCAQ,B. Campbell,24
629,A3OA9JW51P2YGF,"R. Carr ""Sox fan""",24
630,A3N7KPO1TEYWBP,"Amie Needham ""Miles' Mom""",24
631,A1VQ99GG9HL65A,Chiru,24
632,A37K35WW3T7BW0,dan mcnally,24
633,AXAG4GF8V0EE7,"malfouka ""malfouka""",24
634,A1YBH8OBS445KW,Dan Fridley,24
635,A2MCC0XFURU2K2,Judah Levi,24
636,A6NJ1GAUXC1JW,A Customer,24
637,A2QZKCLTY67B01,"Robert W. Mason ""shredder""",24
638,A2W02W9XVJXNOG,Lisa Branch,24
639,AKI37NVUEDNV,ken,24
640,A2TYRVUVHY4KWJ,"Amazon Customer ""tl""",24
641,A1AN1TB0G20L6G,stuart,24
642,A3V061QHHXRZ41,"Betty J. Bushman ""MTeacher""",24
643,A3LMW5YFUOF6WZ,Michelle,24
644,A2O8DBDH6FYMTF,"L. Duff ""GONETORIO""",24
645,AW83FB65RYHU0,Don Chang,24
646,AYUOPCLHIRM6Q,Rosewood,24
647,A3QLYXBJ6SCNB9,"Really old Man ""Really old Man""",24
648,A3OC9XTIJ6B3DQ,"Y. Jin ""Slay""",24
649,AWGUKG3PV6UB,"Lisa L. Dahlgren ""nordic_winds100""",24
650,AOC7FI1W0KMSE,Allen L. Corte',24
651,ANYDIV59WSQ6Q,Walter E. Gillett,24
652,A2FFNIZWZKOGOF,Billie J. Glosup,24
653,ACPW4URCS73RS,M. Federico,24
654,AZVU49PCRT0NU,Adam A. Mills,24
655,A2P9P92S0JLUTL,gif,24
656,A3VB5WFXZO56Z7,Leigh Lyon,23
657,A1IH0GTQKVL7LN,tnall,23
658,AHEGVL06IB8Z9,M Johnson,23
659,A1UZCWY43SK3UY,"Robert T. Wullschleger ""rwullsch""",23
660,ALI080WRU9DOZ,AVP Review,23
661,A1SH5FCDM7DUVL,Diana Bigger,23
662,A3B9SZTLF6IWDU,Ephrem,23
663,A2YW6YFOS1KN6G,Thomas A Schroedsen,23
664,AWMN2XGCKFGVP,Vanessie J Smith,23
665,A1PJLHT97MDX3X,Pelikan P58 Style Silver Fountain Pen Fine,23
666,A29ECHLPLQACN9,C. Baim,23
667,A1UGIET72KLL9W,McFlip,23
668,A10SJONF045LZ0,orloffsahoy,23
669,A1HH1DPK1ASVDN,"Zolton ""Veni. Vidi. Reviewi.""",23
670,A2P1M0D4NKJZES,Monterey Dreaming,23
671,A3DKYBUHR23MX3,Ti-wei Shiang,23
672,A15HQ0070GSQFN,Jim Lee,23
673,A1R6HJA52GWMM6,Arlene Schaffner,23
674,AWPOWZJNQ2PHH,Brian McGrath the Carny,23
675,A272MGERB5NBKJ,Philip Ong,23
676,AOQD4BTOUGHMB,GMreviewer,23
677,A10ELNN03XP8YP,JG,23
678,A7TEP3UR80N9,"R. G. ""elciboney""",23
679,AVIEJC2WH5N75,Sevier County Public Library System,23
680,A2FLE1B96NR0XV,"Pamela Friedman ""glasscanvas""",23
681,A49ABWH4CAFLW,Samuel Valdes Montemayor,23
682,A18MXEW7BUZ5MI,babbleonandon,23
683,A31A9FRVCNM3C5,CromwellsWorld,23
684,A4MB7HR8OAEOB,Carol A. Bowen,23
685,A2Y1F9HH1OIYVH,Abdullah,23
686,A1W1TQI2UZDY4R,Charles Baker,23
687,A2MDRTSQ0ED3SI,yancando,23
688,A19RQSN82YZY3R,Dr. Rose,23
689,ADLHYACKWU1TT,Emily Jane,23
690,A10VV3DZ8U5LHB,T. L. Salmons,23
691,A1K3KS71M5R96W,"Sue Do Nim ""Shining Paradigm of Excellence""",23
692,A361Q9RYRS8VUM,"Raghunath ""Raghunath""",23
693,A1RORD4P3XLHH3,Michell Hartam,23
694,A2G7C6Q0ZCLTU9,Sugbearsam,22
695,A688RIZ2POWSQ,"L. Jenkins ""Many hobbies in Texas""",22
696,A1F6BG3RU9ILBR,Tucson Born,22
697,A3UTWTKB15E0TQ,"Marilyn Sieck ""Helva""",22
698,A2HP0ZKWN2UWOV,John A. Silva,22
699,A1I3NEAHH2C1FE,Scornful Rose,22
700,A1MUXAH4TLFYD7,"Laura A. Valdes-Borsum ""isanangel""",22
701,A36RIV3W8BW6R6,"Claudia Howard ""cludii""",22
702,A12CQEITTDKRXR,M. Costello,22
703,A1BWAQ773OOWBR,Jana Ciglerova,22
704,A1G451KAGP1OYI,G. Li,22
705,A3864W4G4QSQ8O,C. Schmelke,22
706,A1KF4D9SPEEM45,Lorry Sorgman,22
707,A33EPTH7QECL8K,wfterrier,22
708,A3S1DOPLH8I0GK,B. wepman,22
709,A1ZB2TL7GAA0GR,"Kaz ""Paying It Forward""",22
710,A24JYDNXPU0AQZ,Sherm,22
711,A1RK8Z9NN1UDMT,Keoula Ankou Elom,22
712,A19DFUN6VT588P,Rafael leal,22
713,AF1TZJ0VHM3WM,"Abel Berrios Durn ""Ferd""",22
714,A32UCKCMGLM0UV,Gomez,22
715,A2HN3IP59NXYS4,"Sunil Bhargava ""sunilbhargava""",22
716,A2G06OCUDRJW5C,jonathan a mcmillin,22
717,A73E7WO224YZN,v,22
718,A29NP7WQZ5T7OY,Mary A. Mirabella,22
719,A2QMB6W4IVZ274,"U. Adams ""AZsquawnTX""",22
720,A3QZ17MJ12Z02F,Ashutosh Kumar,22
721,A2WTGSA4BMWGAH,Renee Kowalski,22
722,AFNDE5V1Y9MMX,T. Towler,22
723,A39F6XNO4WOT47,"Ezri M. Silver ""Maalot20""",22
724,ABTA1OX5PYC0I,Dianna B Dura,22
725,AL821QIVRVG8E,Karen L. Bridges,22
726,A3LZJR291IKOZ9,Lisa Sieger,22
727,A3UULD9IA00OI2,"Knuckles Gurgen ""Boof""",22
728,A3F08TOYYC1O27,Len,22
729,AEE2RI3C25CGX,"Head Geek ""JoE""",22
730,A1IGMSI7VTJ3VX,JS,22
731,A39DSZFLYXHRCE,"Lucille J. Gonzales ""Lucy  'In His Word""",22
732,A219RKFVTX2H0T,"Howard T. Kuriger ""watchman""",22
733,A2JR5MYW7Q4XGN,California Greg,22
734,A1BJTKCBEYPL2K,Tony H,22
735,A2008IFS7VQRU2,Paul A. Beirne,22
736,A2C4UR0T1E3ZHL,Amit Singhania,22
737,A3LSLLYZT5A609,Marc A.,22
738,A31AB8MVYIO77K,"goose ""goose""",22
739,A1CRBS9G3PYSDW,EA,22
740,AZKQ7A3V35ODD,"Nunya ""Nunya""",22
741,A38K42QUV1DSMO,ehud langberg,22
742,AOS8U7KJV2J52,"Mario Barrundia Sanchez ""MBS""",22
743,A26FLYB9MBQ5LB,Paul,22
744,A15N3F0PCLXI05,Brandon,22
745,A3CFME0Q2PFYSJ,"Roberto Antonacci ""Rob""",22
746,A2D1GUWLPCZXX,Jeffrey Scatena,22
747,A2TJQOC2EH6MGR,L. Chavez,22
748,AR155J6EDC036,R. Morris,22
749,AUKG9IZS89K7B,flyingwoo,22
750,A3JBUMJKHTLTQK,Peggy Hilliard,22
751,A1CL4GJ5BPB9L6,"Joseph Tuckman ""Joe Tuckman""",22
752,A3ID4RTI52N0BE,James Oliver,21
753,A1XUV5RHC8QHG2,"M. L. Fox ""book lovers' mom""",21
754,A3VEWI193BTDEI,Steven J. Torrey,21
755,A3KI429P1EPL8M,"David M. Charles ""british""",21
756,A3EO3QWTGBY8LZ,H. W. Ellerson,21
757,A2T0NL1TJNRNVK,"Michael W. Washburn ""Totallypro""",21
758,A1X6BCKIHN6VG3,Vigma Palacios Torrealba,21
759,A1EWZWOGWZECWB,"Karyn Voldstad ""kayvee""",21
760,A3LDG4RXNOW0IR,ashleymarie,21
761,A27JXR6QL0I80S,pitbullman216,21
762,A28WBW79EY7M97,audiobooker,21
763,A1YO3M4WS1S8I1,M. Harms,21
764,A2I6MJGG2K44Y1,Jacquie Rivera,21
765,A1LZNDK8ZQ279L,"CKLOS ""cklos""",21
766,A2A05WSJQR4I75,"Joseph Defranco ""joe""",21
767,A5AJWPBNJ43AK,"David L. Brody ""Brody's Books""",21
768,A1KPFZCS71QKW5,nycebo,21
769,A1CCA6VAN73GQ7,Penny,21
770,APNVO9JHKWV6G,N. Le,21
771,APNITT5HXYKDY,Sekou,21
772,A18SGBP39AKZM,Robert Dunnagan,21
773,A1LHNGN6Q52K7A,"Sarah Hoch ""Sarah""",21
774,AYOMZ3KKI9607,Jason Lancaster,21
775,A32TJKCY4JJKPK,A. Toksavul,21
776,A1J43Z49P96KUU,"Randy Thompson ""RT from ST. LOUIE""",21
777,A1DJRR0RD577QL,Raymond E st. pierre,21
778,A1UHPP1SVQNAXE,Mauricio Chiommino,21
779,AY0TU5C8FT03S,A viewer,21
780,ANRTA4SHW58LW,"D. M. Walker ""checkers""",21
781,AKBFI49QK96S5,"john dragon ""jd""",21
782,A9J3AGER0T30U,R. smalley,21
783,A2YQ2TQMJIBBG0,Ann Damato,21
784,A2NL4SVZE5GVB2,Stan the man,21
785,A1Q1IXRIXYMK1U,Bill L. Seifert,21
786,A8AARV40T7DWF,Walter Cabrera,21
787,AQCEA5ZBV5LU9,Tamara Bergtholdt,21
788,AB6AI52UXQQ73,laaaaa,21
789,A2LF2QTP5PA2GX,Scott02721,21
790,A3L1VJMHFWONCB,"CDP ""Double00Buck""",21
791,A3RZ0YGCWDAWN0,"J. Hunter ""jhterceira""",21
792,A3AUKT4U4LAKLQ,Norma,21
793,A35YGSZ990UZCW,"Carlos Correa ""Carlos Vargas""",21
794,ARD7A70CCX1Y4,pb,21
795,A3PJHZ686Y49M8,Antonio Sacco,21
796,A1YRI31DB4921S,Ali,21
797,A2A1HZ0OZO859Z,drugbunny,21
798,A1P4MLEI8ZZ4IC,Robert M. Akamine,21
799,A309RQ3FAN3FII,mary ann kitchens,21
800,A2XZQ1GXVCR9OW,rebal7,21
801,A30P4W2ABCLL4G,C. Gurkov,21
802,ABBJHAACW9TBU,Tammy Martin,20
803,AY9M9U5NRKBDG,Amazon Customer,20
804,A1JDYEKW2KJYHB,CtWI,20
805,A2HRNIL1U83OVW,kman,20
806,A1LAE2FWR2N0IX,Jonas Barklund,20
807,AI0NMYA3LKXW1,"Bartok Kinski ""A casual stroll through the lu...",20
808,A1HPPVFUGMS4AA,a reviewer,20
809,AQPHOV7LX6TVB,"James R. Broderick ""Jim""",20
810,ACNPFXDPJSGWS,FRANCISCO LANTIGUA,20
811,A33KMCIQHXXK0F,Stephen McIntosh,20
812,A2QE3M5WJW22PS,Jess A. Johnston,20
813,A1WRIRJUDU2FHO,Joe W. Cunningham,20
814,A39WB0MPAFAW1B,CIao,20
815,A1VQ54V1JD7KVO,"Cardinal Fang ""cardinal_fang""",20
816,ALRX4G46Q89I8,Fixed Gear,20
817,A3KLV12S80CQG8,Martin Haenggi,20
818,A1KJLDTUSCV5TH,Bonnie J. Wilson,20
819,A1EQEYYSNQB80U,J. E Stasium,20
820,A3AZ4LY1DLKSKJ,Jim Huston,20
821,ANL95NJ8Q9KV3,"""cx9000""",20
822,A1OUH3KF4Y00S7,"- ""criscrafts""",20
823,AX0S73OK2VQFK,A. Empson,20
824,A34N1ALMK1ZSSM,N. Ostrowski,20
825,A2KQE5227R5AGH,"Yan ""as yet untitled""",20
826,AO313U8S0MKQ,"jigglypuff_of_doom ""jigglypuff_of_doom""",20
827,A3AGSFLNNIFKNJ,"Benjamin M. Bethel ""Owner/General Manager - T...",20
828,AGS69CUYHTQ8H,Steve,20
829,A14D3SUT8AFB56,Jay P.,20
830,AD40D4G9I6Y1J,Eugene Zhukovsky,20
831,ARWBH11OO23DJ,Robert Mobilio,20
832,A1727P86YSNGSP,Donald I. Hess,20
833,A344GJ2S1GK0M,Not-a-Fan of this fan,20
834,ABX7SEE84DMLU,John P Bernat,20
835,A2BW7A4P9GI4EU,William Kelly,20
836,A1S8G8Z94AE2KY,joyce matthews,20
837,A467T0FFPWAOZ,buddydix,20
838,A5SOU9I3253M7,"Suzanne Blissmer ""SMB""",20
839,ASQ8B0KFOK8C7,Robert G. Morris,20
840,A1L5E4PLTIBKNA,Amazon Customer,20
841,AZUGQ14ORTGNR,Frances Taylor,20
842,A2ZCKZB97OPPO2,phototaker,20
843,A322FPLJ65JVGM,Amanda,20
844,AEGBC1YLFGYLG,William D. Siuru,20
845,A1331IVUCCZVLS,"Unhappy Christmas Person ""Ex-Amazone customer""",20
846,A3SBIN299Q8TO5,Bugged,20
847,APQYDWIWCPAUT,John  Peterson,20
848,A11XLTLHVEEXWY,Jeremy Kuropas,20
849,A2F2392JM1PDHC,Misty R. Duty,20
850,A2KFG9KQ0IG7AU,truckfan,20
851,AI6AR9Q6IP5G6,"Allen H. Yazdi ""SaveOn""",20
852,A2UV92KAK6EKUQ,"Catharsis ""Renshai Forever""",20
853,A27VRUNVO3J8IQ,L. Collins,20
854,A3E9375C9NNUL,Cen,20
855,A7E21VK35JH2L,L. M. MAHLIK,20
856,A1HK0HKP75CY8J,Amazon Customer,20
857,A1HAFUE7C1B481,J. Morris,20
858,A3MF5R3CQBDTKR,"Robert M. Stevens ""rms""",20
859,A1Q4P5G0H4VVFN,J K Toler,20
860,A30IGUDWPUPMGZ,"N. J. Schreffler ""nmajean""",20
861,ALGRJBE1Q94SD,"John Fischetti ""Mediawhore""",20
862,A284YWMTF0GCRR,Carlos R. Diaz Luna,20
863,A3ETHX8IZZN4K4,"Anthony Miller ""antek""",20
864,A103BZNKK3A9FI,Not Happy,20
865,A2FI0O7DZEJ7RJ,amateur photographer,20
866,A2TOYWLLRE0KDD,Keeroll,20
867,A2TSM7A5PSL7WY,guillermo diaz,20
868,ALDPMZJU5YBXV,R. Thompson,20
869,A3K17MT2DPMYKN,"Eduardo Torres ""Ed""",20
870,A2BM2I9OA4QGS4,Fabio,20
871,A3Q8UHK90G7UPR,Steve Kohl,20
872,AST0F2LLT3OBF,Upset Aunt,20
873,A25YWY8CX420Z3,Amazon Customer,20
874,A3AWHO15RK4GGE,Donna,20
875,A3SG3UCV7MJYKB,PrincessAngel,20
876,A3PNQXL6FUJPAA,Celeste,20
877,AMFT8RIDRCAJ9,The Junk Reviewer,19
878,A3EFWFBEFFSVFE,Kirby L. Hamilton,19
879,AI2PFU3E9OMDY,S. Kent,19
880,ACFGXFS49YAMX,Bradley S. Blankenship,19
881,A2P4JL3Q91VETI,Juan Carlos Sanabria Fallas,19
882,A14BBAF61ZLFDU,B. burns,19
883,A26R3LDRXYK1EQ,barry gershberg,19
884,AS1KSF2M78N9Z,Bellini Marcello,19
885,AD4I8Y4JAGIW7,phone buyer,19
886,A1JWF3UUVSC1YZ,Vicki Giaimo,19
887,A32JZ9XNHMNWOO,Mark C.,19
888,A2SU0V2C5SVSFY,Apt Manager,19
889,AH7LB9HXLYL25,william,19
890,A3H7C59UQ6YNN7,debbie napier-rueger,19
891,A13THGKCTMUIY9,Charles Hussion,19
892,A14I405565ZRNQ,"Rhonda G. Hamm ""BookLady""",19
893,AIHHTMPLQFJ5N,"Steven K. Gordon ""docg""",19
894,A20MM8065EOMWP,Anon220,19
895,A2QNYNB9MCZ247,Zosima,19
896,A2B8274J2U6GUA,Lisa A. Borer,19
897,A37NV5EW92FEGW,kc,19
898,A3LRIUYNE8IN3Q,Jason Seifer,19
899,AATGFJUDR3HQN,"Andrew Chang: 7-Hour School Week and Health, ...",19
900,A1DF175HJVJIEP,Ronald Hurst,19
901,A9KQTVV0REBLV,Nan Litteral,19
902,A2PQKLHZTAIO6J,"Adam Orden ""jawsurgeon""",19
903,A2RC0RDSVOHIRU,Ronald Reimann,19
904,A1SGYIYO1CWR2Q,Aline,19
905,A26YZMJCPC24N8,Southern Magnate,19
906,A3TVY5XBYLZA0H,"Jung Eun Jung ""Musician""",19
907,A2O9RKP4ZHM73J,amonique58,19
908,A1IFAAI7H5EA4J,Joe Strong,19
909,A4WR5G5PAMYIV,John Sporck,19
910,A3JFKFROPEFJMZ,Mahkno,19
911,A23A2UMDO3YKOY,"Johnny Anthony ""sealgo""",19
912,A22XU6LDP7O210,"walterco-sd ""walterco-sd""",19
913,A1TTQJM2PFQNHV,"Noodles Petmecky ""Nooooodellllles!""",19
914,A3FY5NNDYKORJA,David Nathanson,19
915,AYBMGEIE3811L,"Math&Phys ""Math&Phys""",19
916,A11O61WIE8L6UT,"Richard A. Simon ""compufish""",19
917,A2U9EH1QNECXQ8,Harley Scott,19
918,A1T0WX6DJQBPM9,K. Madsen,19
919,A2UQ4MKNYE4GS5,william t. nipppins,19
920,A2TAR1KI5D5G9K,"Lisa Jean Marie ""LMA""",19
921,A38FH97PGU4MMB,qifei,19
922,A1RUOQXQRBKMJ0,S. Carlson,19
923,A2Q8R9541XMC2X,A. Goff,19
924,AUBU301SQ0J42,Sheridan Phillips,19
925,A8E4QQI3XVVTV,dasiagud,19
926,A1DB4U8ISVULVE,Bill Smith,19
927,ALT61BMLO56B0,Letitia Tayeby,19
928,AX4537IBFI4C5,Helen Woideck,19
929,AGDHY92QM9IP9,John M. Truzzolino,19
930,APZ8Q31XPCIIW,yanni,19
931,ADL1KKK6JA3SD,"F. Johnson ""sealcorp""",19
932,A2TYAY4Q83SMWW,"EG75 ""EG""",19
933,A170GLAIVNREIA,Forrest J. Miller,19
934,AJFD56VR11QDW,G2,19
935,A1FLIT8VL70T2S,Traveler,19
936,A381GBV7P8SV8L,"the mom ""momofboys""",19
937,A2QBJ3WZ32HW2M,"Jeremy D. Rodgers ""jocdoc""",19
938,A3GK1Y8USD58PX,"Charlotte Chase, Ph.D. ""Learning Doctor""",19
939,A1QF9LF6JHIVAP,"George ""leprofgmm""",19
940,A1QUDLV59L2CMQ,Jerome F. Miller,19
941,A1OVT1Q7ASJYAF,Kathie E. Ford,19
942,A13S3XXRWQ9RUU,Dusty,19
943,A298ZRFG4EKVTX,Amazone,19
944,A3ILL4DZZSG7P7,"J. Katz ""i make things move""",19
945,A4AKU2RAZJRT5,SassieSue,19
946,A2IWQSY55HV071,Dr. Penelope Ann Prentice,19
947,A2A4AF4ITUTDHB,Datamatics,19
948,A18N5C0JO3AHZJ,Leonora Opunui,19
949,A11756XWW2WNDD,dn,19
950,A15LF892C61GIQ,MB,19
951,A2FA0ZNOQZMJSY,Norman Bruce,19
952,A3EN2E8U4UFRNF,Frantz Arestyl,19
953,A2MCR8JCFRQ1H9,Wes,19
954,A3MRFYARM0JDL2,rey,18
955,A24R6SWLQN7CXX,"Joseph Headapohl ""Joe""",18
956,A2BLBAEETLU56D,james rabanal,18
957,AICW757IZ4HTE,KGR,18
958,A15ZAJROOCT0VZ,Arno C. Wallschlaeger,18
959,A1WWLHBM44HA7P,D. Grim,18
960,A2PCUPAOO82R9F,"Sandy V ""sandybeach""",18
961,A173CJTDBG3QSJ,E. jacobo,18
962,A3OI0NCISRIKYG,James,18
963,A1C2ZU20WBAMIW,"JEAN M. Halsey ""Jean M. Halsey""",18
964,A21S5ESJS6ME6B,Teresa A. Pendleton,18
965,A2UJDFOCX9DQ1H,Ralph D. Larsen,18
966,A1IALH5V2H8ANT,"Mary J. Marshall ""SPICY""",18
967,A1HDV0S1PFY0YE,"Robert ""DIRIGO""",18
968,A399C73R6OJTKN,Tyrone,18
969,A19BZNULBAWEDO,"Citymouse ""Citymouse""",18
970,A3FL7ND1Y5O4Q5,theodorered,18
971,A22FYXBGPND8Y8,Terri Garrison,18
972,A1HUBVYUCDN88C,Michelle Jones,18
973,A1N53Q8ROK7FB5,"Golden Boy ""Jim""",18
974,A3OD01SQKLI8J3,"Lamy Safari Fountain Pen, Red Medium Nib (L16M)",18
975,A12D029RKNAL3N,J. Lou,18
976,AXITXH0S7HRBA,mmay,18
977,A2AIMYL5L1CJ0D,Daniel,18
978,A39OCK35NHRDRO,Phillip Greene,18
979,AY9FGNXCE5VBN,Barbir,18
980,A32VDEF5IW060B,"N.Highum ""ShadowRider""",18
981,A4W16CI3B6U9V,Ernie,18
982,A3NR9ST3I3DSV5,S. Gottlieb,18
983,ATTENPG2VRAHT,Benjamin Neu,18
984,ALNJ5B1L1NG6Z,Aaron Hammel,18
985,A5S958N59CI4N,mawsam,18
986,AJGR9XRTYIQ20,Wet Mars,18
987,A18TST0YO1NN2,"M. Copeland ""puddykat""",18
988,A2QZ7N94KUZWEY,Teri Farrelly,18
989,A1MDCK1JV8TIDC,Dawn Johnson,18
990,A16VDDUM4083DG,"W. Johnson ""FAW""",18
991,A3UR53LNDKU6R8,Gerson Valencia,18
992,A3MMR2WDKAK0PA,TEVA NOVA,18
993,A2J7G1KYBIAAGQ,pavlo_7,18
994,A1BTJOBDZL4PRK,mousy,18
995,A5P4J21R0VLD4,"Pokerbluff ""Pokerbluff""",18
996,A378SVVL1LYYR1,"Rex Buhrmester ""Rex""",18
997,A15I5ESA90NB1F,"Sheenaz ""picky product user""",18
998,A2QA56C3EELOA3,faks,18
999,A229H2ILF8HI2M,David B. White,18
1000,A2XFWNC1K0YUBS,Cathy Gabriel,18
1001,APPBVXKVS44CX,"Alan P. Lemay ""Al L""",18
1002,AZMIZW2UKVKXR,In Young Yoon,18
1003,A179RNP51GIBNG,Brittany,18
1004,A10NS8PUOEM05E,es,18
1005,AQ1KWHPLMDU44,BOBWISE,18
1006,A33GYL1LL646XK,B. Speer,18
1007,A1XBPW9Y507EA3,ofs,18
1008,A3P86Z2D81VLYV,"Zeality ""N2iT""",18
1009,A2SM91LG8ER1Y9,"Ms. IReadALot ""Ms. IReadALot""",18
1010,A1Y96J9LHWOM8G,JJK,18
1011,A20ISIKZ06OTGF,Hai Liao,18
1012,A1VCZ4H814QPNV,J. Cummings,18
1013,AGY0OYFDOTWQ8,G. F. Cholewczynski,18
1014,A344SXXXRXSWVL,Amazon Customer,18
1015,A1AI978BTL7R0,C. Moss,18
1016,A2WH53FYN9GJDK,LaurenU,18
1017,A1BYJDN91PG0OR,Faith SimpsonFaith Simpson,18
1018,A2D6LOK6XL67KP,Pen Name,18
1019,A3N51KJF0BHVPS,irit,18
1020,A2RYLYDB1ZEPZS,"Tubac ""New Mac'r""",18
1021,A3Q16GRBITB0S7,Gregory A. Overfelt,18
1022,AM5YA5LDVKA86,Richard Kapise,18
1023,A3L6EVB18WH962,David H. Adams,18
1024,A2LULEIFY1VNV9,"Judith Dyer ""reader""",18
1025,A27HTSI7JG713B,Sophia Liu,18
1026,A19DXSAK0C4TTE,Michael O'Leary,18
1027,A1A5PVTA51IPEM,"Philip J. Ooi ""GT""",18
1028,A2EKMZXKP6EVY3,Alexander Palma,18
1029,A131PA4P4YD8DY,"Mark Salatsky ""Bingo_Man""",18
1030,A3TXFCVZOQD8CT,Steve,18
1031,A2V99LPVGMWEM1,bryanna,18
1032,A3LK5HTR3IDH8Z,Robert J. Plourde,18
1033,A1T252OENKSKN5,"S. Girl ""bakery owner""",18
1034,A1BZP2XA3XJK4A,"Linda Castagna ""Linda rae""",18
1035,A37LOGC4CO5440,L. Grayes,18
1036,A36GA3LUBCJ5NO,"Cathy na ""Cathy""",18
1037,A1LB78B5EQ8S5P,RK,17
1038,ALKKCT66XLMGG,thee_wombat,17
1039,AZYBCAIY5U1KW,Starla Siamandouras,17
1040,AMPA402NCJV46,D. Mullan,17
1041,A80J62FT15WCC,G. Daugherty,17
1042,A1X0TCU76FYQT8,Thomas Kenny,17
1043,A8EFGT55SDOZE,camzo,17
1044,A1JFNZ4UAMEZN3,"Joe496 ""kittybaby""",17
1045,A1O7A8VG5ERXZR,"Sergio Piomelli ""itaian academician""",17
1046,AHVRWZSP1RAH0,S. Jenkins,17
1047,A284ZUEHAD5BY4,Nadia Moussa,17
1048,A29FTZJ5NX9KPM,"Shirley LaFleur ""All business...""",17
1049,ANSXRS4XM2K4F,M. Davis,17
1050,A2495531LBKAYT,Sharman,17
1051,A1IR7PLXL1LXVF,"George Prokos ""gepgep""",17
1052,A73C5TVLDELO9,Jonathan Bernstein,17
1053,A26KA0KTPZ8FC7,Pro,17
1054,A1TKDQ1THHL935,John R. King,17
1055,A2UMJ7YFE688ZZ,chris,17
1056,A2XHOLOLKGV1FE,Skyhawk,17
1057,A17TFXK0CI2R3L,Anna-Carin,17
1058,A3UGQRKWEN2NBS,Hakusyu,17
1059,A14KBFK7DLNXCF,MaHa MeKkY,17
1060,A2E9F4V1CVVZNC,"A. R. Foster ""goodbuyer""",17
1061,AB0S9X6MXKST3,idiotsavant0728,17
1062,A157QL3951WRR4,Jack Simon,17
1063,A2TCTCTXXSP26Y,"TAEHO CHUN ""LEON""",17
1064,AHVS74Q37B8UB,Disgruntled,17
1065,A3NFWM0L9ACQCT,"mpetva ""mpetva""",17
1066,AEL52591AV94,Computer addict,17
1067,A13OWGRR44XWH3,laura,17
1068,A3M5ETQ2P6I5X8,SnowHawk,17
1069,A1SVYO5SSXJPVB,Pam Harrigill,17
1070,A3DD60HIG9J1UH,"Maugham ""Semana""",17
1071,A2VMT89TCSF105,"Ashtar Command ""Seeker""",17
1072,AJ2TFCUJF9QR6,"Mr. Deals ""Oil Man""",17
1073,A2NK0OQKNDI4MQ,David Mcallister,17
1074,A2SBE7FRJ8UEP2,whattha,17
1075,A3MPAYWKJFOFY4,metroman,17
1076,A1BKSOPUZKPHLE,Loca Lady,17
1077,A1ZTEE1FTKMKIL,Anne K. Webster,17
1078,A34NKXHBLEFIJU,J. Dziedzic,17
1079,A3DS915J28FXNS,"E. J. Barbee ""EJ Barbee""",17
1080,A34E09047RP1E6,James Isley,17
1081,A3M7Z88VX7R159,Nury Feghali,17
1082,A1GLU68O3XM7OR,Julianne M Koski,17
1083,A39T4Q29PP4KUP,RJ,17
1084,AZBGT4Q5U0U8D,C. Sweeney,17
1085,AH3GMI8DP88NS,Linnie,17
1086,A3969ZPASSRJ69,Ryan Walker,17
1087,A2SS5WW3GXER97,Tina---New York,17
1088,A3729KYHEJ368S,"""mocharayla""",17
1089,A3JYO9175WNE1A,Mr. X,17
1090,A2PCQ3J5VRJ40O,Ellen Bubier,17
1091,A148X2PZ63JX49,George F. Haussmann,17
1092,A26NNGG4IDILA7,Maurice E. Byron,17
1093,AICIZI3X25W3E,Jim Lane,17
1094,A3STHGNLLDQ8L,"John T. Zipple ""CMU Prof""",17
1095,A21SUQQK6GN2F8,"Marcus F. Schluper ""marc.schluper""",17
1096,A1I3NEAHH2C1FE,Scornful Rose,17
1097,A391C4L0WGNQSA,Linda Lou,17
1098,A2Z2JA272WGDXE,Xiangwei Kong,17
1099,A67TW777J2VSZ,"Sara ""yellowbird""",17
1100,A2D144HMNHOFQ0,Maxwell Kerr,17
1101,A3GTPFKD9UYU92,"Charles Sutton ""safety man""",17
1102,A15NJVLO8AX25M,"Kevin B. Woodard ""kelvin""",17
1103,A1J303NKQ8MUYX,"Mary C. Dunn ""I love inspirational books.  I ...",17
1104,AHEKX22V03MTP,Kevin,17
1105,A3SS2R21W3H0DM,"Andrew Casper ""Beachbumm55""",17
1106,A14IZJ34EQXFC7,P. Fulbright,17
1107,A3RJ84HGDYYRSL,Corporacion Pentium 2005,17
1108,AMI1TDXO0NF5I,*~K,17
1109,A3MNED0R56GRR4,Nancy R. Klich,17
1110,A1Q3CM3PW2YNIB,dazza,17
1111,A2ZGT1Q7NMZVEW,Christine Butler,17
1112,AUEGWSW0UQ368,Anthony R. Contreras,17
1113,A3CM5GHREER6XA,motherteresa,17
1114,A1M9126YPQPS3L,Larry F. Rogers,17
1115,A3O0E7C4225Q65,afanofbooks,17
1116,AA6EARDIV0Y5S,"Gregory Bal ""Photo Hunter""",17
1117,A38QAL6I5XD3PK,Susan P,17
1118,A3MJI90WNH0R74,"connie ""cmarlin""",17
1119,A24XIQ3QKUAQUC,Maye,17
1120,A1W19JWZCDRPLH,Harris L. Childs,17
1121,A1NR1S8OI6FI4K,"PrinterPro ""PrinterPro from NY""",17
1122,A2CGRUS8OJ2BNN,Steph B.,17
1123,A15Z2VMNKRHB25,Bruce G. Waddell,17
1124,A2PPWXAT9N1T0X,"Jhon Villalobos ""Insane for Videos Games""",17
1125,A2ZOZQTYQBT2QF,L. Powell,17
1126,A15WLLF9HPVI8J,My day off,17
1127,ASKDPDXDUC7J3,D. L. Smith,17
1128,A1KPTUQ8E14P7M,Yuet H. Tam,17
1129,AC4RUI6GHY5S0,"Mr. McPenny ""Mr. McPenny""",17
1130,A27JS2X5CM4MNF,SDM400BWCBCL x-mark bullet pen,17
1131,AQN0YVWEAH36O,Karl Poythress,17
1132,A10X4MNNO8AY4G,Luis Salas,17
1133,A2W7EJF61T459D,JimmyC,17
1134,A3FLPTCWLD7OU5,Grover W. Hastings,17
1135,A33GMQOD6OGXVS,S. steele,16
1136,A3FDY4N16EHCXR,"Ocean Dweller ""oceandweller""",16
1137,A1NZKLCJ3VY5KL,Enrique Franco,16
1138,A1Z7SC7HH1BJKA,"Gyz ""Ig""",16
1139,A2TN3B0FBBPSE4,ahmed shaheen,16
1140,A26VB3HUSRBQ9P,Wendy,16
1141,AIKEOEBDDPVHG,Book Lover!,16
1142,A171U5887FKFEK,David H. Dailey,16
1143,A334JR71VCUFE4,"S. Roberts ""Lost in a Strange land""",16
1144,AY3LTAZW8IIZE,Rosaleen Langford-Hightower,16
1145,A29GMJ8KKHM1I3,Middle River,16
1146,A9JTTNEHMMVMT,skymac55,16
1147,A3LY7FUSCGI14S,"Dawoonjung ""DAVE""",16
1148,A1TWNALC8NXHH3,Thomas J. Brazier,16
1149,A2E6KFWHMDR423,Godschild,16
1150,A2ZE7P00WHXWWI,Ms C.,16
1151,AKEQL894S105N,PeggyLou Zakrzewski,16
1152,A145B2KR26NX6,Xiaoqing Zheng,16
1153,A28M0GGRKJ3RS6,Erwin Weber,16
1154,A2R4PXOX8ORGIN,Butch,16
1155,A3HE8JF75J6D1R,Mom of 2 Special Needs Kids,16
1156,AJBKE4NBM0Y21,Wildcat1974,16
1157,A1YBS8NRINIYZB,Richard Stanczak,16
1158,AA5M9TE78NX2G,Joann A. Miles,16
1159,A24UIMLT48Z09O,"C. Collier ""Clint Collier""",16
1160,A60QQU4N5MJ2S,"L. lockhart ""PrettySmyle""",16
1161,A2HKC3KQ7DZIHO,"Amazon Customer ""cliffu""",16
1162,AQMB09TG1BDLA,S. Latson,16
1163,A3FZ0AZSBCBOOB,Linda J. Wessling,16
1164,AYI1W96WADVVA,"Ajay Vittalam ""AJ""",16
1165,ATXWTZXLUL7NI,"boobaby ""boobaby""",16
1166,AJQJHXSNRUZRM,Leland O. Lynch,16
1167,AUJRXZSNE0583,S. Brothers,16
1168,A3IBMW56ZISN9F,K. Hansen,16
1169,A18AHFN4VE31XY,"Alan B. Taxon ""Alvino""",16
1170,AA5ROJ5LDCEVH,John McMahon,16
1171,A1N6R00U3W0008,"ProudMom ""GB""",16
1172,A2QQMIBO6J4KV6,"Cruella Deville ""Susa""",16
1173,A3OT5V13SCOODS,J. Bennett,16
1174,A1S8U7D275BBKN,Madriguy,16
1175,A22XSVVN6BCL2I,Vanderlei Gomes,16
1176,A15OUTH18144K0,"Linda J. Smith ""Coach Smith""",16
1177,A22WPG8D2EJ2IK,Claudia,16
1178,A1DU3XYRJKVN9N,"Mukesh A. Patel ""MUK PAT""",16
1179,A3DWZAHK6FOA9S,"J. A. Bailey ""Lady.J""",16
1180,A3K63B2AIM3R0L,FBMHLaw,16
1181,AGTUB2GCO3TQ,"William Fox ""Fox Pause""",16
1182,A1IYI5I4HNQK4B,slynn,16
1183,A1WJRP2J4MOH0S,Bob LaBlaw,16
1184,A1R3GF3FJH2B37,Janell E. Huwald-ortega,16
1185,A1NQWZD94GDN6A,Cheri L. Randolph,16
1186,APYE58NTHMUDY,MTG,16
1187,A64XKINNW97MH,Richard L. Dixon,16
1188,AEMR5TWOTRL40,Matthew Spencer,16
1189,ADSIEGJ6QQ53W,Louise Davy,16
1190,A7Z0JLU3QU3RX,christine c mcsherry strovink,16
1191,A3UU2WDC6E6Y2S,CaliRN,16
1192,AAJUESVTJASOD,Lance,16
1193,A2VNP66MR60K0P,cliporis,16
1194,AH6B96CTIYNCU,ilgiz erkin,16
1195,ATAY8BX7CV69F,"P. Wright ""PAW""",16
1196,A2ZSJPKEKE2R29,sbinwa,16
1197,AMVFFWXVE92ZX,beryleigh,16
1198,A35T4USHL1LLKV,"Marc A. Patri ""mpatri""",16
1199,A3LXXZ23XAJIV5,E. Esh,16
1200,A2TZ9V2Y0LPCH7,"Sharon K. Hopkins ""Pennville resident""",16
1201,A1K9ZTXMHO4QFX,FXP,16
1202,A27YSRC76QO6WL,Allyn Rothman,16
1203,A20VYYLH3U49I,Terry,16
1204,A3J4LPQZGJMZ0Y,"N. Post ""Puzzled""",16
1205,AAO5C0KOWJTSD,Nancy Rojas,16
1206,A212GWNOW9I4GQ,Evan R. Erickson,16
1207,A2QBIMS5DF4U3I,patricia riley,16
1208,ARJ39QGJWF9NR,Joseph E. Morrissette,16
1209,AURMO1953IUZA,Cooper,16
1210,AXFL8PJYGVBUS,Robert E. Wilson,16
1211,A19KIEKISUV0R7,inforanjan,16
1212,A9GPUWRG4KPMU,readnrider,16
1213,AKKGNZ19QA4OT,Milt,16
1214,A3GS8YMK2NHFIR,MK,16
1215,A1I3NEAHH2C1FE,Scornful Rose,16
1216,A3RFTPCRRP2UZ1,Ginia,16
1217,A2O5ZEIBQOWNOA,Eric,16
1218,AXYOU5PQEL66B,"Halimah Hasan Lowe ""cust svc guru""",16
1219,AZ80KCFD8GL6K,"L. Phmah ""A Mother""",16
1220,AN9N7GADZ7NBU,"RickCNorthcarolina ""Rick Cavanaugh""",16
1221,A3OTKN2YXD2HTR,Laura J. Millerick,16
1222,A1TGOIQ84H6Q4J,Rafael E. Belliard,16
1223,AHVM6LJKKCRS8,"Samantha Peebles ""S. Peebles""",16
1224,AU1N89DDE35IY,gabe10127,16
1225,AACA0I0Z0FBFU,Leonardo Hernandez,16
1226,A3SP5CT2RWFL3W,C. Ferrara,16
1227,A31CGPS1W71LWA,A Nguyen,16
1228,AB29IDVYAYDL,"Neldine ""Neldine""",16
1229,A1KXOLXPL2D0SV,Lula,16
1230,A3T7ESQA4URKQC,Dennis Walker,16
1231,A19PSEW6R135RY,rileysgranny,16
1232,AOALOJUIUVQJ7,Jon Newell,16
1233,A3LWIPTVRLD357,"Melissa Johnson ""80's Rock""",16
1234,A28FRQWRK1C33,Eileen M Roberts,16
1235,A1C94KCGRFWMFG,Beverly Hills DDS,16
1236,A64CL7BKHVAU7,Christy Showers,16
1237,A26OIMXL49KTOJ,Nilesh Shah,16
1238,A1QBDQQMXS0LFO,badger1,16
1239,A2VXVMOFZM1D5A,"Patricia A. Fonseca ""Patty""",16
1240,A2L80VZ7QLI1E4,Michael Fivis,16
1241,A3BG6CVII4Z5AP,Chris N.,16
1242,A2ZHT3NOLKQBIQ,bck453,16
1243,A267ZRBDW4EJO,RVGGUY,16
1244,A185CLVCDO3N6A,"Carter Laurie ""cslaurie""",16
1245,A3CF0IY1ZYRHHF,"SonicAddiction ""Relax, Don't Do It""",16
1246,A3G4R21ELOMYZO,Ward2972,16
1247,A2VANMJUVLOE4B,"Donnae ""Donnae""",16
1248,A1YIBOVC6T35ZP,"Matias J. Ossa Cox ""emejotao""",16
1249,A1B7V7QPUP3E7N,G. Schaeffer,16
1250,A36DOBWR2O8SHM,Raj,16
1251,AKAEE14HHC1EI,ROCKO,16
1252,A3SBOKO8Z85ZPA,"Brian E. Ebersole ""brian e.. ebersole""",16
1253,A1KSIT5IV5287T,RED,16
1254,A1U9Z7LS5MJQWJ,Andrew Swank,16
1255,A38TVM3RK9A5QN,D V,16
1256,AFPIKU3DUUR5D,megsy512,16
1257,A29FRKPM0F6VNN,warmbuzz,16
1258,A3LDFJRF1U3KWP,Minh Q. Nguyen,16
1259,AA6WFVN4F2FP8,JOSEE,16
1260,AIVGHFRE1YCLM,STEWART,16
1261,A2PJ4KO0U02ZQ5,"Steve E ""Steve_E""",16
1262,A2KQFCFGGBBUUR,Ken Newman,15
1263,AHO26T7S22TD7,"Theresa J. Wilson ""Willie""",15
1264,A2SY9H103V8GU2,Gail,15
1265,A18I6BJ9634PFO,R. Blackthorn,15
1266,AMQEF9UVYYQUW,Linglan Edwards,15
1267,A12TMEX1P3N2ZC,pwhite682,15
1268,ATR87UJEYURT,"Karl Loren ""Karl Loren""",15
1269,A2LR0B0VZ1SQW2,Daniel,15
1270,A24YQ1ST3ZLZT3,Robert P Worst,15
1271,A2JZ2GD2HBWJ77,lizzeth Adame,15
1272,A13SLGKG4TY13W,Shiro Tsunematsu,15
1273,A2UF34QX6DJJCV,Patricia,15
1274,A2TB8EVUMJQJOD,"Donga ""ten miles out to sea""",15
1275,A29CDR5XTBJSYE,A. Satar,15
1276,A22XDRI9JUPKVI,"L. Gardiner ""Dolphin""",15
1277,A1HAZDTXA4NSIJ,"D. Raddatz ""Previous Apple Manager and Proud Dad""",15
1278,AKMF6YPE57DF5,bfoster,15
1279,A22LVSMU8NNOGR,Sandra  Holder,15
1280,A2H33HHJDM2OR0,Crazee4Movies,15
1281,A3W1EO0CTY8ERA,C. Schilling,15
1282,A3RBNW443C7BBN,johnbrown,15
1283,A39KA5TU864FCR,W. C. Courliss,15
1284,A3MD802DW51TJ6,Joe,15
1285,A2N1GMMRA1FU60,Frank Serra,15
1286,A1JD6Y7SC9153J,"aristix ""Arianna""",15
1287,A2KHB2SLOSFNIT,hank,15
1288,AH4SSD4BZDFT0,Reedco,15
1289,A26YHKX50TXYLP,GrJimny,15
1290,A12CI4ESFA82JQ,Oscar Martinez,15
1291,A2QRULKN6Q3GPP,oyzc,15
1292,A9REMT11EUHK3,Mike,15
1293,A1ZVIO46VY8OZM,"krtwo ""krtwo""",15
1294,A204LUZ804DOZ5,David R. Janvrin,15
1295,A32CUVHEUYH8DH,Lila Lynn Garza,15
1296,AXZVSRNPTUC5D,"""micmarin""",15
1297,A3IUDU10AA2R61,"Allison Grover ""Reader Mom""",15
1298,A271AQKTG2FDGC,PHIL HOOK,15
1299,A14F9LQRORCNP,Michael Bellas,15
1300,A31EJLIIPEX3HT,Deanette,15
1301,A2A9WGW4GEMQR2,"Lihong Zhao ""Minimaine""",15
1302,A36YXBERI7R5E,Keen D. Cotter,15
1303,A1VKX4WGMSRECG,"Michael C. Rogers ""damnage.com""",15
1304,A2OQG48HWD6L75,"Inventor ""InventorNC""",15
1305,A4G6FZGICOUVS,D. Taylor,15
1306,ALGIBN8TCP5IM,Ramon J. Rodriguez,15
1307,AR3943M8UYZPO,KJ,15
1308,A392RBVDHW6GS6,"Swapnil L. Agrawal ""Swapnil""",15
1309,A1VOBIR6N1FMK6,Krista Komrosky,15
1310,ABPF23A929UVY,"Techie ""Steve""",15
1311,A30ZPSYOGFJXR6,Manola Sommerfeld,15
1312,A2VPUB8WVRSZ9R,Angela,15
1313,A3PCHMR0KZ7NW8,B. Barnett,15
1314,A2AWK7MOAOEP31,N. Sanghvi,15
1315,A1272JHFEPK052,phone reviewer,15
1316,A1VKZP68FMVF3O,Angela M. Mcadoo,15
1317,A26PZVJV417LSE,Average Joe,15
1318,A3B65X649KN0PA,Jersey Boy,15
1319,A27JXR6QL0I80S,pitbullman216,15
1320,A1SHSBYYTGDS0F,Kathleen L. Robinson,15
1321,A2L1M0POXFNDMF,MM,15
1322,A3B1BUCP0S38AR,Barry L. Monaco,15
1323,A2TWBAZ1TBWPFW,Maybelle Hampton,15
1324,AY7L63DAJT9B6,"COOKIE ""COOKIE""",15
1325,A2CODGNP6GXKT0,bible calander,15
1326,AJPRSMK0NRE67,Armen,15
1327,A3VAEDWLX4RNE2,JRivera,15
1328,AIAXZ6IOK55O8,"Steven Wheat ""Eyes wide open""",15
1329,A1QH57N30KA250,Kindle Customer,15
1330,A1C0Z7RYAODI1H,Marcus G,15
1331,A34IOM9DIQ7WOP,willybeama,15
1332,AFS4HT0UHM38C,stlulu,15
1333,A30KI1BTYCTQS,"DJH ""djhnd""",15
1334,A1LH64GVD1NKO3,Mauricio E. Chinchilla,15
1335,A1QIENYY229MYF,Rebecca Snyder,15
1336,A1ZMX7MI4VQTIJ,eightysicks86,15
1337,A1W7K6UTEXNIO9,"Patricia Castrejon ""patc73""",15
1338,A2ZH7TBCOAE80P,Manuel E. Montiel,15
1339,A1F2VSE85Q8OOO,K. Anderson,15
1340,A2L64BVSRA9O4Z,Janalyn Robnett,15
1341,A2DN2FOKIHPMZQ,"vincent van gohne ""video and stills techy""",15
1342,A2VMRH5O922VM1,"James C. Seidl ""Jcseidl""",15
1343,AXO4PQU0XG3TG,Dwight,15
1344,A2622VN8EKMHFY,jeff700,15
1345,A1L69FC2ZXOWKO,CFS-BOOKS,15
1346,A3BFSF5M4WPADG,N. tufts,15
1347,A1XNGC56ZRXOTB,"Deborah De Piano ""DePiano Skin""",15
1348,A3ID6OV6UHODEK,christine,15
1349,A1139SNSYGJV0V,"James Cuppy ""GEM C""",15
1350,A2O8X8AK19DYYI,lola,15
1351,A2Q9QBDQ03QYKU,"ROGER B CARR,",15
1352,ACS2M7I6E0WPC,Epson_4490_Nightmare,15
1353,ADO9THGQVJFCP,Old Viking,15
1354,A2V5IIMNKXG2S0,Kenneth W. Blessinger,15
1355,A377LPVLLAI42D,Chris,15
1356,A3C7S8OBT5VN02,"Agent 0054 ""DBLFLT""",15
1357,AKD4EPYGHRLRP,Anastasia,15
1358,A3NGZH4PO9R104,Eileen J. Samberg,15
1359,A3ESRJO8BR8DOK,A. Wyche,15
1360,A2FREXJTG1LW6J,GB,15
1361,APXCWEPY6KK8V,J Howard,15
1362,A3C5HMRWOUYQGA,Adam Strauss,15
1363,A34SMXR99350DK,Devin A. Simmons,15
1364,AWCI7PJPQFZI6,Steven Clineman,15
1365,A4SQX62FJLN2H,California housewife,15
1366,ASCV5WZNAKN3Y,K. Huynh,15
1367,A8LXINHBHA7SS,"Gary L. Story ""GLS""",15
1368,A2ZLDXGNBY06F8,"A. Brasser ""Brass""",15
1369,A35334T8TB1YM1,demigarcon,15
1370,A3R4IIPITPWTK8,Lily Bart,15
1371,A3APHXZM5Z7HR6,"John D. Dorchester, Jr.",15
1372,A3ROB911O0P10Z,San Francisco Trick,14
1373,A2V8HEYUNHQKIT,"Sandra Austin ""Sandra""",14
1374,AK1WNXTHNCG5V,"Mynana ""Nancy""",14
1375,AKWGDUONE2V9U,"Cosmo Kramer ""The Real Peterman""",14
1376,A11TNF2ETA5QK8,"William G. Atsumi ""wills""",14
1377,A364PBU2UWGH2I,dargu,14
1378,A24QH4M86HIEP2,"Doug Siddens ""sv_drakus""",14
1379,A27D9ELX02LHWR,"Shell M. Fischer ""shell.fischer""",14
1380,A25A0A5ENQN5NR,"Kevin J. O. Connor ""koconnor56""",14
1381,AGDYTH2YAWJRM,"Frank Biafore III ""Eartha Kitt Fan Club""",14
1382,AHT9NFY6OT80F,"X-man ""Colossus""",14
1383,A4ULO70UKG2YL,R. Lankaranian,14
1384,A9CZOR14W1USY,Christina Lumbus,14
1385,A1EUGSAZQ8W7ZS,headbutler,14
1386,AY3TZ228VO4P4,Clair,14
1387,A3A55SO9G1SOWI,Janet Hall,14
1388,AW8PSA7L8UP7E,"Feister Meister ""Feister Meister""",14
1389,A38NV1RXXZDT9D,mystic101,14
1390,AV3DEHW9QW22I,D. Smith,14
1391,A3J688F3JBDIAW,A. Pete,14
1392,A340HCFSNC10LV,"A. Brody ""a brody""",14
1393,AJFRSDWKQUBED,"Robert Lee ""Reader""",14
1394,A1S9R250U7O5P9,"FANFAN ""VINCENT""",14
1395,A3S93T3IOJAX1U,D,14
1396,A1SQZX63ZR8RN8,"Michael W. Johnson ""Color by WEASEL""",14
1397,A11PA7GK0NLT61,John N. De Souza,14
1398,A3HCJ3T89HM1EP,TT,14
1399,A3T3QAYTNXGU6L,"""kupernic""",14
1400,A2BNPDNVAARUGH,M. lotts,14
1401,A3R9HW5WRKCMUW,"Allan C. Pierron ""peanut""",14
1402,A3AGJ3BJF3PE7P,Thomas R. Dekoster,14
1403,A3AH9HZWZ0X2C0,tadeh,14
1404,A2WO5EGKZ9LJJ8,hbms,14
1405,AEBS5WCEJATVE,"Brian M. Marousek ""studpuppy""",14
1406,AHIIGMNW2LYWQ,Jonathan Judd,14
1407,A3UCS4OKG12Z8N,Workingcat88,14
1408,A2Z6TIZBOX10OT,"J. Glass ""Your Smart Choice for Merchant Serv...",14
1409,A3I0IUZDMKMQ8P,justin,14
1410,A3J01EFOG31ZGX,Barbara A. Gipe,14
1411,A2HVEVU2RBTQ1L,S. West,14
1412,A2JLSE82YYHT66,studiostudio,14
1413,A3RABP09HVMT7J,Pete Martocci,14
1414,A1QFMYLZX2ASFU,what happen,14
1415,A1L72KC65AF558,A. Carbery,14
1416,A23LIIW2M73TIB,Eddie Afanador,14
1417,AFRO4RZDCGCEJ,A. Shulman,14
1418,A376UBNOXP2CTG,"P. Gilronan ""adult""",14
1419,A37NV78JVF8XNL,ella mae kilheffer,14
1420,A2BH944D0XQQLP,Lady Maverick,14
1421,AX53K9BNND4KL,"Lot ""Oh, you!""",14
1422,A5W9MVGSEFAA4,Kaser,14
1423,A22D6LQLBWYYF0,"Karen M. Castaldi ""karen""",14
1424,A1C5B7HZDY1UXW,"wle ""wle""",14
1425,A1ER3E9FGIK4Z6,Victor Mckoy,14
1426,A23QKD8XORYU0I,Aprice,14
1427,A1KWV701YJQJ13,mike,14
1428,A206JFX5TMUW5H,lynne mccarver,14
1429,A1NKMDK1NMCZJM,M. Schneider,14
1430,A1UW6E42I1CQKN,"Dwight A. Moore ""DM""",14
1431,AF31JXS8P57JB,rrws,14
1432,A23HRTD9I9K90Z,"Victor B. Schneider ""Linux Sharpie""",14
1433,A2AGV401FJB7TU,Marina Eglevsky,14
1434,A17X5BJF0JREB6,J.B.,14
1435,A2QI64351CWWXG,CE,14
1436,A3ECQQRX8SXQO5,Amzi,14
1437,AT65CFVA4AFP2,Cambyses,14
1438,A1ZFPHH3WT19W8,Lindsey,14
1439,A2JJPRZJLVC4YW,J. Cho,14
1440,A3QSKK1BPN04QT,DONKAZU,14
1441,A2LXNNTF0E7H54,Peter,14
1442,A1S2D9VNSYPEY8,victoria W.W,14
1443,A2M8RI8NP8OJW5,"""holaysan""",14
1444,AJFL1VSEV97DX,El Tigre de Tagle,14
1445,A3BFKH624FBWME,"Roystr ""Roystr""",14
1446,A2Z1IZKFSXAZPS,"G. Townsend ""Me""",14
1447,AMM21FRFW48LH,Honore Kacou Tano,14
1448,A2CLWUDCPP0KS,clotildacat,14
1449,A3MCBUBQKNKHUR,"Dorothy L. Lyczak ""Dee Lyczak""",14
1450,AO0QAPQ29GJ4U,"F. Wang ""An Amazon Fun""",14
1451,A2QLZGEHS7P970,simple,14
1452,A2IAB7V2AN7E94,"scott ""Scott""",14
1453,A1QYDXV2K5IQIY,A. Moser,14
1454,A39FXFLYVEL7FW,Al Bledsoe,14
1455,A6TSMDKMFHW0K,S. Ness,14
1456,A1XLXC2DPZHFL2,V. Rothenflue,14
1457,A24RMYM2IPANY4,"Tarun Joseph ""keeping it real""",14
1458,A1ZSK3ULOAZ72B,"Kelly ""Internet shopper""",14
1459,AFI7RFXF8PHO4,"MC ""MC""",14
1460,A2HR5SUXF6029Q,Retired and luvin it,14
1461,A11SU8XBLH0ZHO,Rich,14
1462,AOSXHS0W0B0AO,Robert Gest III,14
1463,A1TT9O31H3SG15,"Elvis Presley ""fleadip""",14
1464,A3QCZ5CAVNF0MU,"Arizona Phoenix ""The Phoenix""",14
1465,A37FRK9Y4NTEID,"Walter E. Moody, Jr.",14
1466,A1ZVQH34XWX87A,GERALD D OBRIEN,14
1467,AQMY146BZGCLH,K. Huffstutler,14
1468,A3A1ND9UI30D3G,AMG,14
1469,A2VXBQM717WHLJ,GaryUno,14
1470,A220E3KXVDBBD1,a2zmacpc,14
1471,A1WAMQ0CP4DJX3,Roger P. Chudy,14
1472,A1VC37V2YCHVX7,"HELPS ""NONO""",14
1473,A3U77BUITSN1KM,Tudorgrove,14
1474,A1JY5LHP7PH1UE,Mingrui Zhao,14
1475,AMPWVMRQ529R9,M. Steiner,14
1476,A1FKI290PE94IB,Joaquin Chavarria,14
1477,A1YRAFJAZC7OF3,Rochelle L Stanley,14
1478,A2DTCFI96G7Y9E,KH,14
1479,A1LM0KEQD5Z9K6,Doris,14
1480,A1680JJOWG8MTZ,T. North,14
1481,AU1EEMFUJ274E,mbt,14
1482,ACOPZOTT9TMXX,NaCl,14
1483,A1HA3PWXLWE85,David L. Byrd,14
1484,A3U1JQYY200FC9,bb6too,14
1485,A3OI841P5R6FCH,Zagnorch,14
1486,A1ZERJ24EEIR50,"D. Rogers ""'Bama Nat'l Champs 2009, 2011, 201...",14
1487,AXDHK971EOZEA,BRAD F. STENDER,14
1488,ANKB01LLYZ9N5,R. Steele,14
1489,A1GO1JJZG9C34T,Senna,14
1490,A1PFX94NJLQCOR,S. Parker,14
1491,A3S8NORNCU834L,TurnItUpSome,14
1492,A1URMRUYRVEY2G,Danvanstang,14
1493,A2Y43PGQ30WDU9,Dwight A. Hartman,14
1494,A2EBR1F1ST2M9H,Jason Gartlan,14
1495,A3DRNHH2NBAU17,R. HAYES,14
1496,A2SBBOT1SHPXKY,FL guy,14
1497,A2HUYUQM5S1SRZ,"James Schaller ""Physician""",14
1498,A34ID7X5DDMUNM,Aron Fox,14
1499,A1TK917A5Z3Q6S,jules,14
1500,A35Z45YHT1DAUS,Steve Brandon,14
1501,A31WIP1CT3HCI9,Mohamad Pashazadeh,14
1502,A2O99TEXX9FHMI,C. Taylor,14
1503,A2S0UYPGLHNS3Q,A 12-year old electronics fan,14
1504,A3MN7I3URKGMGG,Daniel Wolkenfeld,14
1505,AE0MFNGG223DN,Robin,14
1506,AET2GG761IX7T,M. Steel,14
1507,A39BJ2IOCOO0ZJ,Hurshel C. Norman,14
1508,A27YYHMV0I216J,J. Deleonardo,14
1509,A3VEK40BVR24B9,tantelo,14
1510,AKLUFVL8A311U,"John Bean ""beaner""",14
1511,A39T8TY38SZV5D,Ethan,14
1512,A11KWAUYFKHPWU,R. Silverman,14
1513,AM4SPHJXOBDBA,cj,14
1514,A2SZRY5TFW27TR,Gordon Ewasiuk,14
1515,A13SKADS3V2U1R,whalprin,14
1516,A3TBMAWIIHKHFN,Willie V. Hughes,14
1517,ARW3F743JXM4A,Jacqueline,14
1518,A3G2EEO0M77W5M,zhenhua Li,13
1519,A3DSHM3193TTER,Nicolette,13
1520,A226RZ8NL3W3OT,Brendasphere,13
1521,A1DVSGZNWY0E19,highinstep,13
1522,AJUG2IZSIBJIH,SUNGHO JEON,13
1523,A27XODMXX47RGW,"M. bahmani ""Ahoo""",13
1524,A4SKBMFMSHO97,David Schlewitz,13
1525,A2HWST4NCK3X94,Thomas Cornish,13
1526,A1UYPXWVV8ICUF,John Hanlon,13
1527,A36QSTUOGW26UW,JC,13
1528,A28HKC0AGI5ZM,"LVE ""LVE""",13
1529,A2LQLDXJ6H2NCW,aggriffin,13
1530,A21017BN54HZ0Z,anon.irisX,13
1531,A4FW4TV8F6105,Yonika V. Spencer,13
1532,A3MOPFBQ31Y6RF,Janet Barnard,13
1533,A1W8I05ML0YJM0,Avid Amazon buyer,13
1534,A12LF26MI97IEY,Catherine Sky,13
1535,A3C986VELB8KM3,Susan Little,13
1536,AAAA96KAN98HV,Pamela A. Moore,13
1537,A1MZ8JX4CNBAGI,Haley A,13
1538,AOFU5RIU2DPXB,"J. smith ""J""",13
1539,A109A863MAGIYQ,Chase Visa Gift Card,13
1540,A2QOXY6Q4ZFH2L,Edward G. Brooks,13
1541,A2ZWOQBFA62W1S,"T. Shoemaker ""Teresa""",13
1542,A3IY316DRNF5F2,ElmoTheCat,13
1543,A2FF5IXF7Z5C94,MARYANN,13
1544,A1FTUXV9HK35SY,"PhilB ""PhilB""",13
1545,A26YOJNJ3F9ZR8,Laura S. Martinez,13
1546,A2L9WA4ZQNHI7Y,Mark Power,13
1547,ACD3IV3VWW8GL,Maruf Ahmed,13
1548,A34VWU0LJ1200V,"H. LiMarzi ""Seeker""",13
1549,A3Q7PYUQS28QRB,"Bruce Walters ""mad programmer""",13
1550,A1K8IX780TG7BB,"Archie Leach ""Archie""",13
1551,A1PYZPS1QYR036,"Kazantzakis ""hinterlands""",13
1552,A340YFH5WMTFHV,William Krause,13
1553,A415SVRKKF3H0,marvin gordon,13
1554,ATC5R4FUXWJUX,"Wanted Funny ""disappointed""",13
1555,A3W3AGP6GQR48N,Martin Richling,13
1556,A2SD8HKLAZI4Y6,"Marvin Rosenberg ""book maven""",13
1557,A240MQL3Q37IRZ,"Willownere ""Willowmere""",13
1558,APJ5MH1RJ1LG3,E. Swartz,13
1559,A33FWVWR3NAOHD,GARY  D. LEMBICZ,13
1560,A2KML8AQA1NNL0,"J. Susanne Wirth ""Mi ta stima Aruba""",13
1561,A33U9X7XWCMOTB,Joel P. Firme,13
1562,ABZJ28BXTAVFN,Desertman,13
1563,A3E5DOAY5VUB1E,"Jon G. Purkey ""jpurkey""",13
1564,A2DTMMJRR04F35,Cori,13
1565,AP2KHFN010WDE,Edwin R. Reyes,13
1566,A29603727QP5ZE,Pioneer10,13
1567,A34FKDY6T8J4EG,"Annette M. Rowe ""annetteinnc""",13
1568,A1RPLY3LF4GBO2,Amazon shopper,13
1569,A2WWP6IGJYRSAW,S. Poggio,13
1570,A1ET24ATIDGJNQ,kron1547,13
1571,A1J8NSP8WD75YN,Danny Grizzle,13
1572,A2JRETA4BZPH4F,Chris,13
1573,ACHWT9ONV5WWG,danny,13
1574,A3H9L5KIS1GWSP,CalFord,13
1575,A2KQCBI9R2IO24,Ralph F. Doolittle,13
1576,A7VI87WR7V4JR,"James W. Rogers ""Jim Rogers""",13
1577,A1JKJQ69FVAYCI,"Emily H. Montgomery ""Opinionated""",13
1578,A1L4B8LHS7R3TO,"Nancy97210 ""Nancy97210""",13
1579,A3SVBCNTQEXCCL,dish,13
1580,AX62PZNX9DXLM,macksledge,13
1581,A2P3RIS5UZG1ON,godmother45,13
1582,A100HR390O90LT,"H. J. Parsons ""Retired""",13
1583,A1LZIORSR4PABA,Desertgeorge,13
1584,A333636QFPT073,Wanderer,13
1585,A2H6XT45WWICF5,"Gary Engen ""Gary in Augusta""",13
1586,ADXIJTKDZMOW3,ziggy,13
1587,A3B9Y6Q7GYJY5M,don varnedore,13
1588,A3LGN5KYE6IPRE,"Cool Techie ""chyzman""",13
1589,AJRIYIXNAQ3V6,Jose Rubinos,13
1590,AUZRSSVF4DQKF,Keith W. Brewer,13
1591,A3BMOQX0TZWUS6,SilentEye7,13
1592,A1334LUX68OHHY,TIMOTHY S GAHARA,13
1593,A2IIORTNJD9ODC,Ellen Rafferty,13
1594,A2QCH8CHOCK4BB,"Sliderule ""normal guy""",13
1595,A19G2LDLW7UDEI,"Della G ""tipperary lass""",13
1596,A23ARZX1YOI0I7,M. Teel,13
1597,A1FPI8ODIZ58PK,araceli,13
1598,AZ7TI3N9UEAEY,The Foam Studio,13
1599,A5V9QI0K565ZW,albert white,13
1600,AFVZOXMD4E0IM,Andy,13
1601,A1AG3TFBL77JWS,The Traveling Eater,13
1602,A2SY04JM575KBP,"Justin M. Crisham ""stunner""",13
1603,A9TJCM3FUMKEY,"Bo Meng ""-bo-""",13
1604,A2FQR529LHMUW,Scott,13
1605,A3DQL6G4L08F65,John Campbell,13
1606,A11PZRPCOSK4C8,"MKIVTT ""Victor""",13
1607,A3USCJY1BKS59R,AnneMarie,13
1608,A3BOP43AAW2J18,FSQUARED,13
1609,A3VXYE3P3IQ8ZZ,Atlas Shruugd,13
1610,A2P24YCBED2Q8D,movascotia,13
1611,A1VADFLSFZW0QR,Ken,13
1612,A8YRNCUC7E1Y2,"Jose Benanci Montiel Vega ""Bmontiel""",13
1613,A1LZAJPJD9BQ4G,"J. F. Cant ""jcsubmit""",13
1614,A3JFHNJ1V6EER2,Travis Rogers,13
1615,A13AB48ZJZF5YE,"Dougie Quick ""Dougie Quick""",13
1616,A20QGPOCYMCAGS,priscille verrier,13
1617,A32CMGCIJ9O2LN,Jason Lubar,13
1618,A2ASPKJFJO4HP6,Moogenaire,13
1619,A3SLA6U5Y1MEIU,Dave Lee Miller,13
1620,AYU524VY37429,allyex,13
1621,A359GZTT3SEYPR,B-ride,13
1622,A21UHIEIO3PQBD,Ben,13
1623,A1UZ2ACV7OJ2XF,"Anna E. Bohn ""bananaz09""",13
1624,A2N8STFYAMJNI4,DC,13
1625,A32TD2KYNAHTXJ,Christina Swann,13
1626,AP2PECGX9JUGG,"Griller ""A guy who cooks""",13
1627,A1YZPMMY4OJTT,Thor,13
1628,A207AGE292Y0CC,PC,13
1629,A2325GLLXBGEMN,AJay,13
1630,A163R3FIZXEQDU,"Robin B. Winter ""Music Maven""",13
1631,A65JUQGWK4WPP,"ElastiGirl ""Big Reader when I have time""",13
1632,A15F0MQHFF0WSU,D. Buffington,13
1633,A1XUU7CTG359KH,"K. Winfrey ""A chained dog is a lonely dog!""",13
1634,A2O7XT85M2J9BL,"Deborah Emmett ""KOZMO""",13
1635,A1BXUECCA7L2GU,yrsouthernbell,13
1636,A3GHXG7BUOSLQP,F. Salaff,13
1637,A2TW7BYQ7MG8MQ,"Chase A. Nelson ""Chase""",13
1638,AP45OHTMLJ15,C. Dougherty,13
1639,A12JE5HADPKTNW,JRinGeorgia,13
1640,A2KIDFCXXSGVMV,"Robert K. Nishimuta ""kaveman""",13
1641,A3HZ4GZ1C0V5PL,John Nemeth,13
1642,AWBLIINYSV13T,Melissa Tan Saw Wah,13
1643,A128FCXBZXHFU0,"Woodland Park, NJ",13
1644,A3RGH1U9E18TMY,olar razvan,13
1645,A3T3LMVQU71DLU,alex kap,13
1646,A36TI7KY91T1NQ,"gadget guy ""mobile planet""",13
1647,A3IPB18D0LZF00,"Everyday Shopper ""Everyday Shopper""",13
1648,A1JAY7CUAWNIUA,Chris,13
1649,A390KJYYTHU04D,"Peter B. ""Peter""",13
1650,AG2I5GIDTX67A,T.K.,13
1651,A1BYYCW8O8E2U1,susan christensen,13
1652,ADFODLHFB2I9M,Suzanne Welsch,13
1653,A30X9YQ3DHW0G3,"Mimi Highwater ""the wanton wonton""",13
1654,A26FE7LKRYTTK1,"Zevy Mashav ""ZevyM""",13
1655,AL9O34XMNQY6,oleg,13
1656,A2CJMQ2S61P1FT,Tlai76,13
1657,A39B4D7FT4LDH1,Amazon Customer,13
1658,A1KBUF7CE91AL2,"Paul Pasewe ""~~May God Bless~""",13
1659,A2LBFRCEH7QEUF,I Aguilar,13
1660,A1FJRC8QI2MPXI,"P. Hanna ""Disappointed customer""",13
1661,A3RABP09HVMT7J,Pete Martocci,13
1662,A3CHONGA4H4BDU,lilo Brill,13
1663,A40U9BIIA8ZI0,"PBB ""PBB""",13
1664,A1JCCXK0IOC73M,"Isa Anderson ""Exhausted mom""",13
1665,ABS9NSA36N2R7,Greg,13
1666,A3C4SJAT8798US,"Javier Torres Burgos ""Zucchero's corner""",13
1667,A2T9LNX3AWVSG,Sohail M. Naushahi,13
1668,A19PNCTY4BRJNX,Inemesit Jackson Ekanem,13
1669,ANOT4ZPVX6KCC,Cassie Deming,13
1670,A3ILPFM7APG34W,Tm,13
1671,A225QMUIQB4M3C,Rahimah R. Holt,13
1672,A36SVWIPEH29FB,Mike S.,13
1673,A93SRU78HLB2P,"Liz-ard ""person""",13
1674,A4ANLTNA2MYNJ,"Jerry K. Downer ""Klahani""",13
1675,A2PD2H691QP91Q,J. Badaracco,13
1676,A1COIMRJJH7VL6,Goot,13
1677,A2T7G3HIGE4R5J,"The Gock ""The Gock""",13
1678,A2UAUQ68KPN1ED,Probo Lui,13
1679,A1W1W6BC876UDU,rookie,13
1680,A1LZEPIRJEGFYP,"D. Cook ""Rincon 680""",13
1681,A2KDKLZB8ILPYU,"Joseph Bisesi ""Joseph Bisesi""",13
1682,A2QE3JEQ01NXM6,Bostonians,13
1683,A2EGSP9IWCD6D6,Abdulla AbdulQayyum,13
1684,A3KOGVQNZMDRYN,happy consumer,13
1685,A35PQ86Q9ZZDCE,shopper 1,13
1686,A24O5OLL4QA1EQ,transply,13
1687,AWC77DV4YP0XY,Douglas E. Campbell,13
1688,ACXRMGDGPXUUK,DG,12
1689,A26ZG1C2BDBKO1,"David47 ""Bargain Shopper""",12
1690,A3K2LSYKX3G7J9,shirley jo,12
1691,AGMMVACM6FP25,Lydia Fernandez,12
1692,A2LD7T87GJDTQN,Clay,12
1693,A2YKN8E68KVMZL,Momma2*3,12
1694,A25TOQKJYK9E3E,Bugsy,12
1695,AB2WWGFPBVYUL,Emily,12
1696,A2H9DAOJVLPSZD,Kirthi Radhakrishnan,12
1697,AE1F6DJPHECZ7,Josh,12
1698,A302RRJHR8QO2I,Aubrey,12
1699,A1V14098KV7INT,"wei-kuang lu ""Scott""",12
1700,A3BCUMR9A6IHM8,"Sabrina L. WEST ""SHUG""",12
1701,A2RVPAMP16B0ZC,A.Rodd,12
1702,A1XWK03PUCV46V,"D. Koski ""LoKo SC""",12
1703,A36ERMWUJXMYH,"P. Warren ""Warp""",12
1704,A2QBGM7W12ZX2B,David F.,12
1705,A31AQNRM9VQRDL,grago car seat,12
1706,AJ8UPIUHSG3R5,"Cmte ""photogram""",12
1707,A23K3QS1P5812,"Robert C. Kenneth ""Robert""",12
1708,A2TGD6U4GL0TVZ,Thomas Chou,12
1709,A1DADJO4R0H7OQ,Al,12
1710,A2LR6FPNKQRU13,"S. Vasey ""BringBackThirdWatch""",12
1711,AICB2U35O6MFA,Tiare L Yim,12
1712,AA0KZF3J3VX50,A. Taylor,12
1713,A2XV8AH9AFJ3MV,P. Summers,12
1714,A2MASQ0DE1H5Q5,"Dyah Astri ""dyah astri""",12
1715,A277Q267LXGK7V,"Barbara Harris ""Barbara Harris""",12
1716,A30512IX3TCCV,roofit,12
1717,A1FWL8ZTXG7WAQ,Max,12
1718,A26UDJJ7KC4DAL,BubbaZanetti,12
1719,A13BPVWHS5T6HT,TooCheapToBuyCheapGoods,12
1720,A1QI3BP6ULWCW7,Wickie,12
1721,A3V9QOSRZL94K6,Southpaw33,12
1722,A2AZ4VVLC8FMCO,spfdcatman,12
1723,ANYYRHET1IK6W,"Kathleen B. Hatch ""KAKI ONE""",12
1724,AD8XXSXXUI8WF,Cb,12
1725,AWP5E9CKS22AD,LOLITA SAMARINI,12
1726,A2DULDONHSL24H,"Jody Bissoon ""Jody Bissoon""",12
1727,A2JNGOT2TEZ09L,"Michael H ""T T F""",12
1728,A13BQ79L7ADN1A,John D. Corbett,12
1729,A950Y4QVJZ2VG,Ravichandran,12
1730,A7L93LCPQB6ME,B. Morris,12
1731,A1A1BM6N28X9J0,Debbie Olson,12
1732,A3SV2J54PZER9C,"Richard E. Morse ""The Mixer""",12
1733,A12GSN597WHBDD,KayCee,12
1734,A3ILJ3L76NV9J,"K. AZAD """"",12
1735,A209QPTZMIU7M6,"Ralph E. Stacy, Jr.",12
1736,A3ACXVNDNAIRQJ,"D.C. Thornton ""dcthornton""",12
1737,A3IN9AGDUD95W7,bradley wolkens,12
1738,A32PADJ8U3ZSSH,Carl23,12
1739,A1PVC8Z7GDBRO6,"Book Chick ""Laura""",12
1740,A2SNN1FJGA00QD,L. Fabiano,12
1741,ABKAMLS532ZT7,10zin,12
1742,A3R6P7OI08HDMA,Kailen,12
1743,A2M4HVIUD0GCMQ,let's go,12
1744,A3OOQ9W4S2Z23R,S. Pace,12
1745,A22VNXHU6IZ5MT,"Jason P. Pumphrey ""the movie & music man""",12
1746,A2F4W8C07BT8H1,Erol Yurtkuran,12
1747,A2WC8PSIHGROCM,Kim Smith,12
1748,A3ZI7317FBRD3,Larry D. Vanden Bosch,12
1749,A1NPT20HJ8A5KV,"C. Raun ""mom raun""",12
1750,A2OP9XDUQ9U65G,"P. Daugherty ""sooner man""",12
1751,A3B46HL1HXWCGQ,"Daniel Grevich ""dangrevich""",12
1752,AETZV0ANNG09D,Jared King,12
1753,AAA0IE6CHTMPE,"Vengeance ""Vengeance""",12
1754,AE8PRJS9MET3H,bluebayou,12
1755,A1HRGVL0EBXMJU,Giorgio Rastelli,12
1756,A3H1IE0QQK9W40,Ja'Net Williams,12
1757,ANFCJAGRB9ECP,Linda,12
1758,A3SDLVRJQNWCA1,J. sherwood,12
1759,A2C2CG5O3122GR,D. Duncan,12
1760,AE6Y1Y18HKXKL,"erlaia ""erlaia""",12
1761,A349IA7AM5UQI1,roonie,12
1762,A73Y31BQ3Z7QO,Jackie,12
1763,A34PEB9T10SGYI,Willie Dueck,12
1764,A2EUOIVYJ8MUA,Evan,12
1765,A1MV7SLT0JNNCF,Claire P. Young,12
1766,AZ7P36WKE2HIZ,"dibbers ""linda""",12
1767,A2WZ6CFSR7NM85,"M. Johnson ""May Seas""",12
1768,A5RJGVMK1TRZ0,daisy,12
1769,A3AH3PEF3S4XXG,"Paula Mills ""antonia3""",12
1770,A2KL2Z5B9TA4U4,"Kevin Bumgarner ""ul2006kevinb""",12
1771,A1IUNNNR9NOS2O,Chiahsuan Meng,12
1772,A9X6GR1WLFVE2,Mickey,12
1773,A3H1TIADJH5L57,"Selvakumar Velusamy ""Selva""",12
1774,A004205218STRNUW6PPPA,Tasia,12
1775,A2NE3YGIRWYB3O,Louise Jandacek,12
1776,A35BGD8XP0NT0J,Penelope Peaches,12
1777,ADRWQBU3XEZ04,"Henry ""boggie""",12
1778,A3M63IS2EGTGDP,laini greenstein,12
1779,AYYRM3TUJ276Y,juligreeneyes,12
1780,A2L3JGJRSSRTOD,John Anderson,12
1781,A1O8E7ZPVRMJNI,Travis Roe,12
1782,A3RXFRIM22FYRJ,Mark Rowden,12
1783,AM78WFHEBDBGM,Headless,12
1784,A1DVQW0G4JMB2O,Marta,12
1785,A16SX8PIMQRRNK,Sherry Shei,12
1786,A1RTA5HZ3IREQ9,NYP,12
1787,A2U5JRGIY4LI29,J. Griffith,12
1788,A3OQMBGEKX8T6,P. Boin,12
1789,A3TDYX18YDALU1,"Dennis A. Pratt ""Stop me before I read Again!""",12
1790,AYYQNOS3ID0XQ,jdb,12
1791,A39TX43K9Y0GKQ,"Robert S. Campbell ""Soupman35""",12
1792,A1H07XV8QZV9SL,D. Cunningham,12
1793,A1I5FZ4JFQJFFU,Doc,12
1794,A1XNZS6P8Q3CLA,phyllis skall,12
1795,A2TCFCU3BDWUAW,chicken lover,12
1796,A3NBNWQTC1ZB3,Wyatt Gilbert,12
1797,A1H5LC5OGTQZ6H,"Alan Sampson ""Big Al""",12
1798,A2RBCLTOSM38PW,Gabriela,12
1799,A3P6JIG7P2WQDT,Michael Azzopardi,12
1800,AA16TE3YXA8Y,"matrix ""matrix""",12
1801,ARDIBWCZR2IP0,P. Duszynski,12
1802,A3MZTTI7NJY7UL,John Dobra,12
1803,AD3F72BR15Y5T,Shop To Drop,12
1804,A1OUH3KF4Y00S7,"- ""criscrafts""",12
1805,A3UBYYUZQHN7RR,Richard G. Amirault,12
1806,A3GQ4WPHGIPE2Q,RainbowMonkey,12
1807,A3SH4S7LS57XY0,Daniel J. Coate,12
1808,A2XRMGEYTNGP3S,"""debkmase""",12
1809,A3EL8D0XN6H2N,Michael Douglass,12
1810,A2GGC332MQ3XWZ,Karen Reale,12
1811,A2ESCB4LEZ9JHV,Max Tasby,12
1812,A23YE95SVEUYZL,A. Zirilli,12
1813,A3LSRY0EC2M86O,Long Chen,12
1814,A1C2ZU20WBAMIW,"JEAN M. Halsey ""Jean M. Halsey""",12
1815,A1KQ9FEKXASK6I,Juan B. Trinidad,12
1816,ADVVUTC8J2MAF,"M. Felsen ""The Mave""",12
1817,A1D561H5C9PORS,Zebra Sarasa,12
1818,A39R4PZMR4AK29,Hua-mei Chen,12
1819,AO1SY0B9P7YZL,"Doe Pierre ""Doepierre""",12
1820,A3SRZ3GWE5FK0W,John P. Jones,12
1821,ALNUFGM5FMEYG,Charles Johnson,12
1822,A145BHSWPUAH8I,Lawrence S. Zinser,12
1823,A1SLW86G1YF23R,"Rick Maks ""Rick""",12
1824,A2MUVYBC2N2005,"Marilyn Knapp Litt ""mklitt""",12
1825,A2WGP2TGYMY2TF,Josh,12
1826,A6J9NEQAVO1UK,Soso'smommy,12
1827,A2O26VB94VSU0O,"Corgizmom ""Corgizmom""",12
1828,A3O56FJ4SS6YT2,Bull Elephant,12
1829,A3510LANN3U2CV,niko,12
1830,A3TTVNEYROE8ZA,student,12
1831,A3O6C76SRZDNTX,"Denise Bauman ""Deni""",12
1832,AD60ZBAO4M2UO,J. W. Hillhouse,12
1833,A3NMZZG3O17C8O,Mark Yeager,12
1834,A2WS6FMF750EI9,"Amy Steele ""quirky one""",12
1835,A171I9KAYETP7O,S. Nicol,12
1836,A3SV9W045EB29E,Qmann,12
1837,AZXNNAKWJDR2H,Paula W,12
1838,ADS4JEY1GNHPI,"J. Watt ""J. Watt""",12
1839,AUA7HV4JHKQ6R,Juan Tafoya,12
1840,A3JEHF8807BFIE,dt,12
1841,A3LWRTX1TIKBWI,CARL SCHULTZ,12
1842,A2SK209EKP4YO9,Steve Jones,12
1843,A1901NTE8LFJF6,"Thomas M. Taylor ""runman""",12
1844,A24HQWVDBJ5ZT5,Dennis C. Rahn,12
1845,A224ICN1JZ3JQK,"James Li ""JL""",12
1846,AQB7M2ATPHG8N,MsDelilah,12
1847,A3PH8X6N66K228,"Amazon Customer ""evolume""",12
1848,A20WER4HXPC555,Amazon Customer,12
1849,A3V4YOYLXBF8ZC,Heather M,12
1850,A2S97E5C14FR82,Allan C. Anderson,12
1851,A2094PD30WEIBB,susa,12
1852,AD5X6HY3778TK,A. Coughenour,12
1853,A2YEAFRKD35JBS,taffey,12
1854,A259051CAF4VWQ,Amy M,12
1855,A14SDO63GAAWVU,"A. Chait ""alinphx""",12
1856,A2K66JNVOB6ZPJ,m.,12
1857,A32M1HMPMMERHF,Mod,12
1858,A1133SMBPFISSV,"A. Polley ""Armadilo""",12
1859,A111W0O91WCPXL,"southerngal ""Heather""",12
1860,A4AM8XJSK710E,"San Francisco Computer Guy ""sf_computer_guy""",12
1861,A3HKE2D80RRPKW,"Guy M ""Frequent Amazon customer""",12
1862,A13UWL96AGN0C9,Neil Gingold,12
1863,A1VLHRQSLP8IKV,Venkat,12
1864,A1OMFROAKD6ZNA,EG,12
1865,A1MRLJGRZHWJKK,"Tina ""I know you are here for me""",12
1866,AED4LH9GYRUTI,Terri Marie Falvey,12
1867,A3PIVW797AE5TP,"D.S. ""DREW""",12
1868,A3IMTEL1HUFT7S,Grant McCracken,12
1869,ABBBVMXEF9RXK,Bogart,12
1870,A2N95OUTUG9MG0,intsnowman,12
1871,A6NOTGZ7P2CJM,jojo,12
1872,A3IQHWMCN7I4EY,Lyric,12
1873,A1NBAVO4DBFRQJ,Amazoner,12
1874,A2HYJDRMB53NI2,Corey A. Gilchrist,12
1875,A1S4T81MLWN6PP,tlnelsn,12
1876,A16WXRBSL01ALI,C. Cheong,12
1877,A21FS6LLM1GIBP,Ronald I. Rothenberg,12
1878,A30MBRFG6UWIQH,SEC,12
1879,AUUYZPGN6AY0V,daniboy11,12
1880,A1QT6JMO8C025E,VC,12
1881,A3VE4ZIEMH33BG,Frank,12
1882,A1KS8W94X52YND,"James R. Daley ""JD""",11
1883,A19R6D9LITUJ1H,J. Petty,11
1884,AXNJ07B9Q4B8F,Bill,11
1885,A38LIG1BID5GOD,ViciousGnome,11
1886,ALUFIMT9JYK66,hotmomma97,11
1887,A3KTJ1IV4BG2ZW,Skip890,11
1888,A32JP773RANRLU,bezbud,11
1889,A1OHW2VAFFGYPI,gfa,11
1890,A2UEKQKVLI5Z0,"Rags ""Rags""",11
1891,AJZSHH5D0902I,Daniel R. Reeves,11
1892,A2XK51IYEP3VYO,"Matthew T. Kaufman ""Matt""",11
1893,ALM54HXEASFJ8,millsap9,11
1894,A3G2MRTCF1ISW7,"Comfort Seeker ""Chair Critique""",11
1895,A2991DMACEB9M1,"VW ""Sue""",11
1896,AKT7XVD50HP0T,Arbiter of Amazonia,11
1897,ATM5GHDO73WML,Art,11
1898,A9VSD5PMIOLCJ,"Nancy C. Larson ""over paperworked""",11
1899,A1YVHZA62TWLL8,"James Hopper ""James Hopper""",11
1900,A34UYSVICUW0KE,aj,11
1901,AEVBHDNFH6Y9K,heal5,11
1902,A15DRT8J7CVP7U,Linda,11
1903,A2412FDZVU9GCG,"James Reese ""Chevalier James""",11
1904,APNNF933YGQF7,Amanda,11
1905,A39T2D88XT2ZKH,M. Saavedra,11
1906,A3MK4MGSU22GR,"TaosGuy ""Taos Guy""",11
1907,A128JRZPC7I4MO,"Iverlyn Patterson ""the best deals in town""",11
1908,A3E73WFFGM91UA,Anand,11
1909,AE4UCFH6VVUSX,Teresa Cogliano,11
1910,A2YEJ6AHC7Z32Q,K. warner,11
1911,A32YQJZOTRGLRC,"Joanna T. ""Joanna T.""",11
1912,ANF9VDNTOX0YY,"UncleFootball ""CT""",11
1913,A1ER0VJZ1T20SO,Charles L. Salvo,11
1914,A1FK56OA16Q5UQ,Eye,11
1915,A1BN12LQ0NEE3B,Donald E.Pope,11
1916,A2NDC5GX1CTR2D,L. Travis,11
1917,A33CP3ZATBXCA0,Gregg Hutchings,11
1918,APHF6KQM1LCPF,Eric Oemig,11
1919,A2P8L2EAP91ZB8,caladon88,11
1920,A64FFWGRAR2PN,phil,11
1921,ALVW0Y2HIVR95,Rosie Mae,11
1922,A2401DGG70LQ8M,"Andor Sironi ""Oboista""",11
1923,AFQ5OXJ5P1BJ5,"BRS ""B""",11
1924,A2L4S2EM1OTTZF,"Bowlerchick ""Crystal""",11
1925,A1ZVQM4K6785ZJ,Amazon Customer,11
1926,A2HW1LWIK7Z570,"Amadeus Mozart ""music girl""",11
1927,A3GN3T94EHZ9ZH,Miller,11
1928,A1MYEJJFB705KB,"chrharris ""chris""",11
1929,A16C0NOYD7BLGO,Cranky Scott,11
1930,AJGWEY4UYDAVM,holysmokes!,11
1931,ABKLUQ53MARSV,Hedsjodt,11
1932,A4NKIYOTAEDF7,NAMEWIITHHELD,11
1933,A1MN92SHI0ITV9,Amazon Customer,11
1934,AVNXQNW9L2D4U,"Wojtek ""Wojtas""",11
1935,A1RR36YKJB917S,"J. Thompson ""Janet's Treasures, a little of e...",11
1936,A2RE6S9YXDYD0F,Christina Meek,11
1937,A3PS3ZCZJU9ZOE,Bob O,11
1938,AB0H0UJQAE29V,Parker,11
1939,A1JN6AL2XSZ4AE,"A. ALAMOUDI ""Hamatto""",11
1940,A2MXYW3EKG54CQ,chevronika,11
1941,A3DSDP0P7XO2Y,John J. Emerson,11
1942,AN7ZZ70GXE9XO,Mikey,11
1943,AUTZ0XF951LZ5,"Dasher ""marbleann""",11
1944,A37AVKZH2YY5V3,"Praveen Kumar ""PK""",11
1945,ACSHC4PU4GSR8,gamecrazy,11
1946,APM3A6CD0Z8FH,Paulette Baehman,11
1947,A1DPED6UIVDMTE,VA,11
1948,A1RUG3HJKKU02G,Love2LearnFast,11
1949,A1IWI3321KXN24,JKF in NYC,11
1950,A2IDKBNFO6Z4CJ,James B. Bangs,11
1951,AYLSA7N8J63AO,Kurt Koller,11
1952,A297YZKMQN1GYR,Montana Momma,11
1953,A1XGE7832JKGJN,noemi,11
1954,A2ECHUZCUNOG6R,"Amazon Customer ""Open Sky Media, LLC""",11
1955,A9O1Q1QUUVZC9,Texaswomyn,11
1956,AY3D9ZRXBW2U3,baby,11
1957,A224NBFPIOE3YQ,George,11
1958,A2M8R8G4A5FE55,"Ulf R. Heller ""Ulf R. &#34;Ron&#34; Heller""",11
1959,A305SGZMQJEHCL,Jaime R. Logeman,11
1960,AIE94WP5TXAR2,F. Glenn Nichols,11
1961,A1737NWA6UBL0G,karen twaddell,11
1962,A2MTDKQU2LPYOS,A. Slenko,11
1963,A2AZNC99DD2TPO,GoldenSpike,11
1964,AZ697YLOGXCY8,Gloria H.,11
1965,A1HJMPQG0FVLFE,ash lakhiani,11
1966,A240940XSYXAIC,NBD221,11
1967,A2DK5UXB84ULCN,Steven W. Sieveking,11
1968,A3MJ1KDUKPMJH2,Griss,11
1969,A1FUTBUYWNFDCY,"C. A. Varipapa ""Giancarlo""",11
1970,A3A72NFFHFWCSZ,"Teobaldo De Moya ""TDM""",11
1971,AGHVYA0P4A24S,Lily Foote,11
1972,A2QE7QN6CCY8TY,J. Richardson,11
1973,AATGFJUDR3HQN,"Andrew Chang: 7-Hour School Week and Health, ...",11
1974,A1498NCHBNRSO3,"K. Hanlin ""pet fixer""",11
1975,A2TH427LVT73H5,Mr Antony Stocks,11
1976,A3JXFWN06CH0S0,Lotus Lawyer,11
1977,A1MU83DNOTWJXK,M. J. Deurloo,11
1978,A1VSZTDCZ9MDS5,C. Cox,11
1979,A1I5P1UCW9969Y,"Jihyun Park ""jihyun park""",11
1980,A2VBJ2YODG0HUK,Roberto J. Silos III,11
1981,A1PB2F7N1O8EB5,"Steve Magnetti ""paper connoisseur""",11
1982,A21RZZM8TQXKY3,Neil G.,11
1983,A2T895G8X0AITZ,Carl E Welte,11
1984,A1QME2BEMVF7TB,"Amazon Customer ""paw160""",11
1985,A14M7H3RQ2OUDV,Burdie,11
1986,A18THGBHT8C86K,"Charles E. Brown ""Living the good life in sun...",11
1987,A3BK014Q82DG2V,Kdbug,11
1988,A3UWKCMIT66HT1,"Connie Hehner ""animal lover""",11
1989,AJGR9XRTYIQ20,Wet Mars,11
1990,ATFUXSRE8ZAQH,"Mugwhamp ""Mugwhamp""",11
1991,A2BWC81T0VUL17,asem,11
1992,A343MVSFXM6UMB,Giancarlo Pacheco,11
1993,A23DL1GYIB44F2,Chris Neri,11
1994,A2BVRDF3VYHWO1,"James Mcknight ""Geek""",11
1995,A2LDTAJSWD4WCH,fred weinstein,11
1996,A218XEGX4FC53K,mike coyne,11
1997,AISO8ZBSKBO54,Michael Jihoon Lee,11
1998,A2KT9HKOMTIVLJ,johnstamos,11
1999,A187XXF6ESG9OV,C. M. Henry,11
2000,A1YCODUFG4JTRK,"Nitin Ahuja ""electronic junkie""",11
2001,A5UY4Q6Y9US50,eugene,11
2002,A38OMRQDX8BZCO,"Iris ""AZ_Mommy""",11
2003,AZREGA2QUUXNL,"P. Johnson ""PJ""",11
2004,A2N1SZQXEF4STI,Deborah Payne,11
2005,A2RA10EQKBMKK6,"James L. Nelson Jr. ""Jimmy in Tucson""",11
2006,A1T3HVD8FE66AD,Coleen,11
2007,A3U4B02JBK75J6,Alaska Computer Tech,11
2008,A33Z5AY6EHRNUH,"Carol D. Candler ""native fan""",11
2009,A35YDIMUXRHFYV,andy2m,11
2010,A3I6SM1SDWKLK1,Vaibhav Bora,11
2011,AVFCTL56WFY69,"Consumer ""J Lew""",11
2012,A2UHRJ8QZUNQ7I,cebsny,11
2013,A32WHWFVXDCGEC,"listener in Baltimore ""steve""",11
2014,AHGDO7G8O2DDP,mommyward,11
2015,A3BEBN5SEF492X,Eli,11
2016,A2837KMMRQGRLJ,Mary L. Szymanski,11
2017,A32PWGFSL00R7Q,"""glahn@strik.is""",11
2018,A28VW252QLI2W9,Primer,11
2019,AHN1NIHVFGJN5,David C. Durland,11
2020,A2SDVC4BL3KJ59,I hate it,11
2021,AXIKVKSTCY4HS,Jon Claerbout,11
2022,A2Y7TMWKH993FV,d&amp;n,11
2023,A305IH7TF4KGWK,Mariya,11
2024,A1DF48VNA64WPN,james l. cordie,11
2025,AYJW4PREPOD3G,Ike,11
2026,A3LFW1NHP9Z1J5,Pablo,11
2027,A1LT23D3YCJZ1T,"Joseph Prescia ""jprescia""",11
2028,AC046DBQTYLWT,daculatiger,11
2029,A8JPM14R8T4AT,LillyCoco,11
2030,AR7YSN1KSQBQP,TEMU,11
2031,A22Z0VXIDL5TLI,Amazon Customer,11
2032,A2AECPFB1LMLG0,June,11
2033,A11DS1II7Z6R3H,Mark Twain,11
2034,A3J4J3USCZUWB5,es42,11
2035,A3VJZ9LPU4SF3Q,"Gr33n4blu3 ""La leche se arde.""",11
2036,A30M2NL30L0EZD,Rosemary Gordon,11
2037,AALF9SRX1MJD1,dawn marie ashley,11
2038,A32E5G5T902WRV,haskpts,11
2039,A33WVE78FXR0KG,"Margaret A. Murtagh ""John Murtagh""",11
2040,A1YROT8XVPC42T,Broward County,11
2041,A29UR8MQQGVCDJ,extremly dissapointed customer,11
2042,A1NOVT8L4NZWS2,Nateh,11
2043,A2FPBRB65GAKRX,Drakko3,11
2044,AM0K1OUCL2IKD,steve,11
2045,AGP1TMA96LF4S,Thenry,11
2046,A6XYO1MYCLV65,lior weeze,11
2047,A2IUZE533DEZ3X,Me,11
2048,A1DFCKQY6DSYYR,theredofshaw,11
2049,ATXNDLDQFEX9K,Jack Straw,11
2050,A3QP153I5BFH79,Keith,11
2051,A2UHZJWS0OAPQV,OTPatio,11
2052,ALI7BDNTKRXJI,"Akanbi, A. Wasiu ""Wasiu""",11
2053,A8QC2O7KA1V8D,Godan,11
2054,AZDETM2LOM6FN,D. Mandac,11
2055,AMB6XXL64U2TP,Trey,11
2056,AWIOBYK928WZA,Nancy Newbold,11
2057,AUVJJHLJGKCQ5,Joseph J. Helm,11
2058,A187YW8KN4H0GJ,Beth Neumann,11
2059,A3LC0MGYZ4FR0P,Captain Nemo,11
2060,AEVTY2IF4BEGT,Qi Lu,11
2061,A1LDX1C0F2LEXR,J. Perry,11
2062,AMJUEMS6TINH2,"Maria del carmen ouceiro ""mary""",11
2063,A2LQ5RZ1KXODVJ,Arctic Winter,11
2064,A2717YS2ZCY4A6,Leonard Harper,11
2065,A1KTUTND29F5UA,sungmilee,11
2066,A3F357SRXJIIS1,Dave Land,11
2067,A8X3B2BNFWJOQ,"L. L. Pannucci ""firewingz1""",11
2068,A2AMZC8KT8YLVL,Dino Rachiele,11
2069,ALJGBAODK84HM,xpx,11
2070,A2Q079HHWLHV8Y,JULION AMBRONA,11
2071,A31AHTU2TPYBSO,Daniel Reynolds,11
2072,A2Y50PWMFJ7M9A,Rose  Kinnebrew,11
2073,A3K9VARL2SEVTY,Lana M Stephenson,11
2074,AXLUV1HRIN6EA,linda,11
2075,A37BOARJOL1P1S,Donald C.,11
2076,A28A3F8A8P1ROG,Rhea A. Halloran,11
2077,AM8JUFWIRQBV9,Edwin Leister,11
2078,A21A9BKJSEVLWI,Brittany,11
2079,A23RRMOF6KFWRX,hopesprings,11
2080,A183PG8E9MPPI6,"isabel ""mom""",11
2081,AIWNQYY7T1WPP,Lindsay Cline,11
2082,A2YDAF97QUQHLO,motherhenn,11
2083,A1Y8K5B0PN2VKU,"Sue ""Sue""",11
2084,AKD0CTCDESDNA,Kevin M. Creamer,11
2085,AW8G5VS3T7IB3,"R. Laryea ""laryea""",11
2086,AE5XDOOYYE5IA,"Sam ""sam""",11
2087,A1R6RPLIJUQ9XV,Ace guy,11
2088,A1R42PNO6EY8KO,"Big D ""novavettnut""",11
2089,ADIR6X6N6WZZB,"Charley Horse ""Charley Horse""",11
2090,A3RSI6J07OFNQ5,Uinta Hiker,11
2091,AFTKED1O67U14,Philip Henningsen,11
2092,A3PC6Y8964HLFV,"Gregory Knox ""Jonny Ringo""",11
2093,AHZND63DBKR8F,Haydee Craver,11
2094,A3JOCPKLA6DXB7,M. Wilson,11
2095,A1QON1G8YK4ZSB,"Norman E. Horowitz ""Norman""",11
2096,A25BPZ5Z22XNX3,"M. Mcclain ""mmcbs""",11
2097,A1XCHIO1UWZDG2,bhavin,11
2098,A38T7Y05NR6AYA,"Linda Carson ""&#34;Books are my Life&#34;""",11
2099,A3CMCZ4FBRDMD0,Fagin,11
2100,AV8YGXDC1PKRG,"Toolbelt Gal ""Toolbelt Diva""",11
2101,A1Q7H6J2RGQLTV,cwrrepair,11
2102,A1PP47HIJKM2ED,Toots,11
2103,AOXBYFUVM7ANQ,KM,11
2104,A1CT7QW3225MG0,book reader of the ages,11
2105,ACS64V2TOHLXI,MrTechWizard,11
2106,ACXTIC69DJQK4,Steve Larsen,11
2107,A1KEX9VBZDKX1D,"Amazon Customer ""hidden dragon""",10
2108,AY81TTUS0WBXQ,"Simard ""Sylvain Simard""",10
2109,ACUPLEQNZRTE3,ganojo,10
2110,A3P9ESDVSZ5PKQ,Bin,10
2111,A33XJ3D417V5LG,"Frieda N. Burdette ""bookworm""",10
2112,AIAZT699ZJZQU,Michaelle Gay,10
2113,APX2HHFCJGQ0L,"Just your average John ""with nothing special ...",10
2114,A1TJGC2BBB9L5K,kdd,10
2115,A2D7Z39OJHMOUA,Norman Schoenbrun,10
2116,A357EQO27VKAF,M. S. Butch,10
2117,A2BN7NCF48IYCG,Mitch Charles,10
2118,A3M84R54MFFO64,Audrey Newton,10
2119,A20SYWQURV6SE7,loverenzhe,10
2120,A8PASXPIGP6JW,Dale G. Rodie,10
2121,A2T9065ZM6Z9NG,CardinalWhirligig,10
2122,A16XL8F4SSMP03,kerrosario,10
2123,A2SIAMFH0D3QJ1,B. Rollins,10
2124,A2I52L12J74KHB,R. Hawkins,10
2125,A3EHM1BB52IDJN,Gen H. Hoffmann,10
2126,A2T4S313N6AQGR,P. A. Lenoue,10
2127,A32YKCPEEXRTX1,Mary Millard,10
2128,ADJXW73KNDPAE,Dolores M. Ward,10
2129,A30EZQH1BS3ZBD,will kogel,10
2130,A2IUL5PCNVRGL9,James M. Rutherford,10
2131,A15MCNVOAP3KMB,"Marvin Hughey ""polka dancer""",10
2132,A2XG8P7EQZEXAV,Harold Goedde,10
2133,A1PHVLRW0OGVZD,Mark Todd,10
2134,A36OI3BWKQZGNA,Amazon Customer,10
2135,A2YTVAXL2TY0UO,NikiG,10
2136,A26KZXNKLSQGID,Thomas M. Mckenney,10
2137,A3PGSA1WVYIQJN,"Laurie Romero ""Busy Crow Studio""",10
2138,AEK5PZD2CKBAO,Trix,10
2139,AOCCC182QFRDB,LAMomma,10
2140,A215Z59X7MYZK3,E. Kantner,10
2141,A32O5FZH994CNY,"G. Ware Cornell Jr. ""anotherlawyer""",10
2142,A3E3D2DSP2RQBT,Karen,10
2143,A15Z66YWH7LZQS,Zoob73,10
2144,A1X44L41445P2S,Pseudo,10
2145,A3CB98S1GU9A1B,Dennis Phillips,10
2146,A1X09T1P4X90LD,P. J. Ductram,10
2147,A37BFFKFX24UZS,wicked55,10
2148,A8JRAUJFAJU6Q,"Jennifer F. Thorbjornsen ""redbolt""",10
2149,A3L72D03KB4JD2,MercinMadZooted,10
2150,AAYZ0MDG7U6AE,Joan E. Ciotti,10
2151,AGX9HMEFJROAJ,"R. Horne ""REDHEADHORNE""",10
2152,AM78WFHEBDBGM,Headless,10
2153,A1089C2WEHVFBB,bfd_2009,10
2154,A2963BFT87PKCL,In-tek Oh,10
2155,A2FYZXC8FJ5GGJ,Princess,10
2156,A3HS93V86FZ5JF,Robert J. Roizman,10
2157,A3RXW2ZJ76HCUN,Paul,10
2158,AHDZQ65GTHEV2,"Harmon Harris ""SD Rowdies""",10
2159,AP142NSWJDF0,S. Wilson,10
2160,A2CMQD54BDNRY9,Amazon Customer,10
2161,AS1PSGXW8F8M2,anonymous,10
2162,A2ZRI07JBW1JOY,Amber Goddess,10
2163,A1YRS46L7KFSA6,Nancy Jane,10
2164,A3TBMAWIIHKHFN,Willie V. Hughes,10
2165,A33IG22YXEHVU0,K. Hughes,10
2166,A1EBZQFKTGME0J,Nonna162,10
2167,AOVKYT14ZKV0W,"D. A. Herndon ""Seeker of Truth""",10
2168,ARYHYTEJFLBUD,mare,10
2169,AIT851KGOWJLO,"Susie ""Online shopper""",10
2170,A242NT93V44CAF,Bryan Karlik,10
2171,A34RN93F0BS4V1,topside,10
2172,AFRRRJ8U56YQA,Paul Nicewonger,10
2173,A12657OFJKO1JA,J. Edwards,10
2174,A3SAL42Z9OMTJK,L. G. Tomberlin,10
2175,A39XWGMSK5I4KS,james,10
2176,AW9K5GNSZXK8V,Michele Puglisi,10
2177,A2JFPZ4IP7H8RW,blahblahblah,10
2178,AYJBZW4YNOIHD,"Holly Becker ""decor8blog DOT com""",10
2179,A3DY2RKCULYWST,Richard G. Mccollum,10
2180,A27IO5490ZAWHY,Alex Mladenovic,10
2181,A24R0YNP4DHH11,KDX91,10
2182,AF1LHW985VZI6,Cody Lanigan,10
2183,A3CLJQBONWXKS5,Kathleen R. Jobest,10
2184,A1L2W22ZBWJBJW,"Susan Kerr ""Susan Kerr""",10
2185,A2BY1MFTGXGMA0,Kcer,10
2186,AFK9WBMYEUW75,AmazingReader,10
2187,A2L0Y29GO83N6G,Zuffle,10
2188,A26XEJ8XPZX0Z6,Deirdre Livingston,10
2189,A3VKE7UB2JTRJH,DAKOTA567,10
2190,A2Z0XELW4JXEJ9,The Incorrigible Z,10
2191,A1CJCGZ05IQM3N,Edward A. Itle,10
2192,A2M0EGWDARUBGQ,Joan Gosper,10
2193,A2DCBEOMKAFW7M,J. Hiatt,10
2194,A1L1XY4V7ZYC32,koreahsk,10
2195,A2DKVAVQ81Y9SP,Kevin Geoghegan,10
2196,A2CVQF1FJ5I33Q,Judy S.,10
2197,A2TMD64YXO23UE,"Rebecca Davis ""campergirl""",10
2198,A1227OBB8PD1W,The skeptic paisa,10
2199,A3O68IIBYNI4JG,Scott,10
2200,A3H4P7GM0AGRI6,M. Silva,10
2201,A12QNZ18NXU4BQ,"M. Leroux ""silent lucidity""",10
2202,A2UTNY293M10Z,Paul Williams,10
2203,AMEKC1PD1H536,K. Frassa,10
2204,AC1IW085K53Z5,Vasudevan Panicker,10
2205,A3161LOPUXTO8U,dave,10
2206,A2AEUAYYJUV7RF,wesley,10
2207,A37HM3IL1V0F88,Madalynn,10
2208,A11ZDVN67HUR6I,james malak,10
2209,AHJT1S3Z8IQAJ,Devorah Ravitz,10
2210,A3AFSKVNXKMAJL,Denise,10
2211,AUL9XSE7D4F6A,Pen Name,10
2212,A2C90CQ37U95AE,Linda Smith,10
2213,A37J0ZMHFFKN2S,Tan Nguyen,10
2214,A3JQF7RAL48BG4,"P. Jones ""jake the dog""",10
2215,A23MAE9D0LFAIN,marmie98,10
2216,AECKVV9MKTFKB,Sara Burch,10
2217,A3GZ1LI58E56P5,P. Kelsey,10
2218,A1FNIBNIXFDHPW,Wei Kai Hung,10
2219,AOH6ZRK1B5ZLK,"Brianjl6
Brianjl6",10
2220,A35JPPO1FNQF5C,Becca,10
2221,A33SP2A5IM8ZS8,Celia,10
2222,A2GH7240SPF35H,Kristina L Bullock,10
2223,A1DEOXT36TFNDB,Kelly Twite,10
2224,A14DPSV6PHXJG6,mirth,10
2225,A1TJMJQ2SK4V40,Jamie Jeffords,10
2226,A1G80RKU1I9TR6,Tom o'Bedlam,10
2227,A1FSY93VC4PQ42,k whitlock,10
2228,A3T1LD0C65QCWK,Gordon M. Wagner,10
2229,ASH0D0LJMSMZV,Louis Sculuca,10
2230,A3EVODTLUAIIIX,Robert G. Hanson,10
2231,AQB20PXUQXHRW,D. Chase,10
2232,A30TKFMXLIGZ9D,"S. Airasian ""SA""",10
2233,A2BKEXVXL1LKUK,E. Cheung,10
2234,A2MK359JP9KKH5,B. Lee,10
2235,A3A6BRQP444O9S,Hector Caroselli,10
2236,A95WXIKJ8HVZY,Ken Z,10
2237,A1KHN4CVK4J2JF,Jcf,10
2238,ATBBO65DYBP3H,Blaine A. Simpson,10
2239,A2W5ILC5BYJI4B,MustLoveMars,10
2240,A2NZJZ6UIBO1GF,"Linda Sue ""Linda""",10
2241,A3S3O855FNXR2F,Niosha Edalat,10
2242,A2YBP1VYZ6CTWZ,Donald E. Martin,10
2243,ADYEBR4HBDAHK,"emo fan ""bad boy""",10
2244,A3TOUR9P72DDV9,inked,10
2245,A2NRLY5N1WEV8M,JB in Woodside,10
2246,A37BDTXA7Z4YFZ,"Oscar Torres ""Oscar""",10
2247,A3OHZERQ5KCK44,Jeff,10
2248,A3P6UHY4CHNUWE,mehhhh,10
2249,ARQISRUXCNPCS,CRoss,10
2250,A3EE9DVH3ILOTL,LLMcGill,10
2251,A2C4VAA0Q4GS8H,Mafille,10
2252,A3LOL35ECW73G3,John C - aka &quot;Dallas&quot;,10
2253,ACFLF6CEVQM9F,William P. Ransom,10
2254,A2LZ38RMJ4CXNJ,Shannon McMahon,10
2255,A2739JD03MS59R,Max,10
2256,A2OHQ258HU6OZW,Elizabeth,10
2257,A2M6KNAFKRLAIE,geri013,10
2258,AIQFC8XA3ZO4U,Jay Patel,10
2259,A17KN40NMP0DJK,Howard Morris,10
2260,A16EQQNYQIVP3Y,sunny,10
2261,A2GM19C2G4NPBN,Peter G,10
2262,A2F34DVMSY9YIL,C. Powell,10
2263,A79377671JEBU,savu,10
2264,A1PZL5F44TY19S,Elizabeth T. Jones,10
2265,A3W3CFAJWF2HZ8,"Edmundo Zacarias ""Edmundo""",10
2266,AVMEF790IIJYR,David S. Campbell,10
2267,A34AF833TROIPC,Snoozebutton,10
2268,A25UPW4L1PUENH,Mary,10
2269,A1N38JNL2AZNCH,J. Turner,10
2270,A33SPT9R3K93VK,Vito Perez,10
2271,A1W00XMP2BI5VL,Amazon Customer,10
2272,A24ZR5HMGI2O7L,Emilio Pacheco,10
2273,A3DS12M4SRSN85,S. Thompson,10
2274,A2JLKHP69WTUW0,"Brian MOORE ""filmbuster""",10
2275,A2LIYT85BL2LKD,"Jille ""jille""",10
2276,AXM8A80RX8B5X,June R. Sheppard,10
2277,A1XUUPL8T0LEBQ,"Leovigildo T. Cairo ""tcairo""",10
2278,A1LE0DKL8D5YDX,Scott A. Cornfield,10
2279,A1LYN0W0F97OWS,Dorothy Vandersys,10
2280,A1W24H6D4J4IS6,Pen Name,10
2281,A27A6VN7ZD777M,Rigorous Reviewer,10
2282,A3F75HLQELVUUG,"B. Wood ""Wildwomynwriter""",10
2283,AJRNC98E2ADGL,"AngieG ""Tanchaddy""",10
2284,A28R7489L065L3,myra,10
2285,AV6S9MAV3YRME,"Shakti ""shakti411""",10
2286,A2TVXYDXIPH9W5,Seth,10
2287,A14CZB25SOC3W4,Tarik Kaya,10
2288,A3PF3RTK53EEFX,"Mr Gadget ""gadgetking""",10
2289,ANJPFT9MH4T7P,Margaret,10
2290,A3JGFO2M1N2U9W,Lucas B,10
2291,AXL7IR3YVIE3X,modpodge03,10
2292,A3Q9GD5PHDQLDX,EE major,10
2293,A2JXZIVF9944P7,William H. Russell,10
2294,A3101MQ4OQ4E39,M. Shadel,10
2295,A3P0EILEQPJS6E,"Kevin Carroll ""adigitalcure""",10
2296,A1C8NMZMBKNZ9G,June,10
2297,A52AD2HJMWC5O,"Nets ""on the journey""",10
2298,A2QFDQWKY91EY8,Pat Kirchhoefer,10
2299,A1J0BGDALPF2AO,"Hiro Yoshida ""Macman""",10
2300,AFWJFCWQZIE8S,"Stone Coldest Justice ""The biggest, the badde...",10
2301,AOKCDPTVPW3I0,Forfest,10
2302,A4YYMKTMZIW2F,Mike,10
2303,AN5GG5Z33XOHE,Pen Name,10
2304,A3QMHYEQG745FH,Billiet Consulting Inc.,10
2305,A1XZF9Y0O61CMH,"Mwaa ""sister321""",10
2306,A1M5IWLZF5Z53P,Nicusor Chirca,10
2307,A317Z1N8OKE3Y5,Phil Antonelli,10
2308,A2YLH3AXKC2E6J,BalboaMom,10
2309,A1P0EDZTMYHD9B,Andy,10
2310,AFFQ5K0IT2H0L,"S. Sande ""pdantic""",10
2311,A2MABZEQWIAP2G,Lee A. Nelson,10
2312,ALYD5UDPU2HW9,"Terence C. Wade ""tcwade""",10
2313,A1LCHECEE9368O,"Lester M. Garcia ""Lester""",10
2314,A3OPBJ5PZ4F41Z,F. Ache,10
2315,ATKFS38L3WC2F,W. ROTH,10
2316,A1835O9WXY8VFJ,"Darren Kreth ""outdoor man""",10
2317,A29NXNRPIN45G1,L. Henderson,10
2318,AN88K8DQ9E1OX,Lynn Hyder,10
2319,AMAGVJF9SWA0D,Mark Pitlik,10
2320,A280TKFNULRIMS,Priscilla April Allard,10
2321,A1FAP166FEIC4Y,Deanna,10
2322,ABV2HWT6Y6ZA4,VIRGINIA H BALDWIN,10
2323,A3RVL7YE45TV0K,Amazon Customer,10
2324,A1B19RQFAPLQIG,Harry Stott,10
2325,AUHJDODL2EUW1,john,10
2326,A16XDCP9VSNR8W,"Rachel ""Rachel""",10
2327,A2ZZLAJAWLPP83,Yoshii,10
2328,ASUTZQ0J6SYYT,"Joe ""jmn""",10
2329,A1M97SECGMJ7MZ,"Joe Showalter ""Lunjunjoe""",10
2330,A3DIIPOK4TL2EC,jer,10
2331,A196NEYBWUSZ3F,Sophia,10
2332,A3TLOQMAQPCSTC,lee,10
2333,A2A7UW3L06EXB7,Priyavadee Maneechaivong,10
2334,A2GKNAUPW2B5S5,"Melinda Gallagher ""go shop""",10
2335,AHT9MKJQILFM5,Sean K.,10
2336,AVVHY224KHJFL,Go Team Dulick !,10
2337,A1MXQDHFGU11ZQ,Zach,10
2338,ALBY5Q9A8IT4T,K. Taylor,10
2339,AGPEPZM1WNFDC,Anton,10
2340,A1159Q2GKD0ZGH,shermill,10
2341,AC8DRPS1CKJAZ,BQ8,10
2342,A1KLMG7N0KQVV6,Fred,10
2343,A8XYO98JV39RR,SJR,10
2344,AYAPJU6Q9Q9S4,not good,10
2345,A2OLCTBGGSTV6V,B Thornton,10
2346,A143C14PMOHCU0,AM,10
2347,A1T8A4YS0MH853,GARY  V,10
2348,A2M1C7PVHASWIJ,turbomatic,10
2349,A3AAANGE7WKD5X,ED,10
2350,A1X21WH6R59BD9,Nick yan,10
2351,A2CND46ERFGYR6,amy lines,10
2352,A3KR7ENJF0N8LF,VJ,10
2353,A2W9U8OTUIWJXU,Robert J. Sheard,10
2354,A285DVG1GZBDNX,Billie Purdy,10
2355,A3JZ7IZERUHFJH,"Jessica Chapman ""littlestar""",10
2356,A1I4VXQIIK6S5J,"TQUCH inc. ""TQUCH, inc.""",10
2357,AM3EF4DJO18VE,J. Reilly,10
2358,A33HDLNMAB9IFL,"Eacowboy Inc ""EACowboy""",10
2359,AT3L6L6CICU6L,"Jerry L., Seymour ""JBobsbbq""",10
2360,A12X4ZBZSYKFR,"Owner ""krichardson41""",10
2361,A2MJOAXGD4UQ3K,Simpson Publishing Company Consignment,10
2362,A2Z7LNXISR4Q6V,"Liam Riley ""Liam""",10
2363,A1VGQYBLIDPY9H,"The Foxx Trapp ""Mizz Mocha""",10
2364,A1VTBADV3JS1EC,Randi Morse,10
2365,A2TAECOZ2NOMNC,Graye,10
2366,A2X66SELL1B6CS,Paul,10
2367,A1FPAAX8BLY593,Aaron M. McClain,10
2368,ALCWIP2GJK2PS,L. Garces,10
2369,ALOWEXH7NJVJB,AndreaDenise,10
2370,AQEWF55A6UKAL,"AdvaTech ""DH""",10
2371,A1XYIR3IPXB19G,Pat,10
2372,A2CH8CRCNM3IQY,IVE BEEN HAD,10
2373,A255BSW92VXGYH,"Robyn T. Campbell ""Blu Duchess""",10
2374,A1MH5DJGRJTMH9,wefx,10
2375,AKIP1WGB2LVJ7,"gonumb ""gary""",10
2376,A2LM3Y83LBSA3B,"C. Shraga ""Marketing writer""",10
2377,A2E54OOIWUFG8C,Elisabeth Anderson,10
2378,A203VBN8ARTUZK,"Janet L. Bittner ""Silver Lining""",10
2379,A1KWJNDMMUQPIX,"Mimi Jones ""cupcvol""",10
2380,A2GBHDS897IE7N,Z. Hu,10
2381,A3K4S4M486B9WH,"Ghost ""Think Amazon.""",10
2382,A2I0MITRJV44AY,Donald Jefferson,10
2383,A1EOD6MTJ2Z7ZX,"S. Lam ""Foolish Buyer""",10
2384,A2QGDLUQUUNHXE,Engineer,10
2385,A2K5S91FFX3O3H,"Benita R. Gray ""bbennie""",10
2386,A6CX8KZQH8KX9,Esamtur,10
2387,A1ZZR25X0CNOJX,"slim ""57psalm""",10
2388,A364QCURW9YWAN,John Diddams,10
2389,A2GE95PMHAYR78,Arden Rynew,10
2390,A3PK4A23OCOHOS,NYer,10
2391,A1JCP0OOCTY6HP,KS,10
2392,A1191R409M4MAX,phonelady61,10
2393,A3NF72D9CBBMQ,Jess Harling,10
2394,A1V0OPD5ILG51E,Island barstools,10
2395,A9UGGRI0Z0TE2,"Terry Mc Nutt ""MrTE""",10
2396,A3W4DILM5SZJHG,O. R. Cabanillas,10
2397,A1FSHA9XWQNROB,"Wayne M. Salvatore ""the artist""",10
2398,A12XJ6QE54HZ5U,"""onlystevensgirl""",10
2399,A3VJZE7T1U0TTI,Sandra Brauman,10
2400,AV86S2LHZJS5Q,"DC ""DC""",10
2401,AYPQTAREX92Z1,"C. Goudar ""Chandrakant Goudar""",10
2402,A31J35O7EHUAWM,"Volkan Akkurt ""Layka""",10
2403,A2X2KMB6ADJX3M,"Sandra T. Stroud ""sandy""",10
2404,A3A7MJ12NEL15L,Amazon Customer,10
2405,A34OV4JV2PG6JO,Rita Caufield,10
2406,A3TYVKQGRSYSAV,"Jorge Anturi ""JORGE ANTURI""",10
2407,AT0GZ0C9D4YIG,Quilter,10
2408,A1124T4RN88HI5,Chicagoray 45,10
2409,A23VY7SC35SCAH,Mary,10
